Performance,Gender,Caste,coaching,time,Class_ten_education,twelve_education,medium,Class_X_Percentage,Class_XII_Percentage,Father_occupation,Mother_occupation
EXCELLENT,MALE,GENERAL,NO,ONE,SEBA,AHSEC,ENGLISH,EXCELLENT,EXCELLENT,DOCTOR,OTHERS
EXCELLENT,MALE,OBC,WA,TWO,SEBA,AHSEC,OTHERS,EXCELLENT,EXCELLENT,SCHOOL_TEACHER,HOUSE_WIFE
EXCELLENT,MALE,OBC,OA,TWO,OTHERS,CBSE,ENGLISH,EXCELLENT,EXCELLENT,BUSINESS,HOUSE_WIFE
EXCELLENT,MALE,GENERAL,WA,ONE,SEBA,AHSEC,OTHERS,EXCELLENT,EXCELLENT,SCHOOL_TEACHER,SCHOOL_TEACHER
EXCELLENT,MALE,GENERAL,OA,TWO,SEBA,CBSE,ENGLISH,EXCELLENT,EXCELLENT,COLLEGE_TEACHER,HOUSE_WIFE
EXCELLENT,MALE,GENERAL,WA,TWO,CBSE,CBSE,ENGLISH,EXCELLENT,EXCELLENT,COLLEGE_TEACHER,HOUSE_WIFE
EXCELLENT,FEMALE,GENERAL,OA,ONE,CBSE,CBSE,ENGLISH,EXCELLENT,EXCELLENT,DOCTOR,DOCTOR
EXCELLENT,MALE,OBC,NO,ONE,SEBA,AHSEC,ENGLISH,EXCELLENT,EXCELLENT,OTHERS,HOUSE_WIFE
EXCELLENT,FEMALE,GENERAL,NO,ONE,SEBA,AHSEC,ENGLISH,EXCELLENT,EXCELLENT,BUSINESS,HOUSE_WIFE
EXCELLENT,FEMALE,GENERAL,OA,TWO,CBSE,CBSE,ENGLISH,EXCELLENT,EXCELLENT,COLLEGE_TEACHER,HOUSE_WIFE
EXCELLENT,MALE,GENERAL,OA,ONE,CBSE,CBSE,ENGLISH,EXCELLENT,EXCELLENT,BUSINESS,HOUSE_WIFE
EXCELLENT,MALE,GENERAL,NO,ONE,CBSE,CBSE,ENGLISH,EXCELLENT,EXCELLENT,DOCTOR,DOCTOR
EXCELLENT,FEMALE,GENERAL,WA,TWO,SEBA,AHSEC,ENGLISH,EXCELLENT,EXCELLENT,BANK_OFFICIAL,SCHOOL_TEACHER
EXCELLENT,MALE,GENERAL,NO,TWO,SEBA,AHSEC,ENGLISH,EXCELLENT,EXCELLENT,BUSINESS,HOUSE_WIFE
EXCELLENT,MALE,GENERAL,WA,ONE,SEBA,CBSE,ENGLISH,EXCELLENT,EXCELLENT,OTHERS,HOUSE_WIFE
EXCELLENT,MALE,GENERAL,WA,TWO,CBSE,CBSE,ENGLISH,EXCELLENT,EXCELLENT,OTHERS,HOUSE_WIFE
EXCELLENT,MALE,GENERAL,NO,ONE,CBSE,CBSE,ENGLISH,EXCELLENT,EXCELLENT,OTHERS,COLLEGE_TEACHER
EXCELLENT,FEMALE,GENERAL,OA,TWO,CBSE,CBSE,ENGLISH,EXCELLENT,EXCELLENT,ENGINEER,HOUSE_WIFE
EXCELLENT,MALE,GENERAL,WA,TWO,SEBA,AHSEC,ENGLISH,EXCELLENT,EXCELLENT,SCHOOL_TEACHER,SCHOOL_TEACHER
EXCELLENT,MALE,GENERAL,OA,ONE,SEBA,CBSE,ENGLISH,EXCELLENT,EXCELLENT,BUSINESS,SCHOOL_TEACHER
EXCELLENT,FEMALE,OBC,NO,ONE,SEBA,AHSEC,ASSAMESE,EXCELLENT,EXCELLENT,COLLEGE_TEACHER,COLLEGE_TEACHER
EXCELLENT,MALE,GENERAL,NO,ONE,SEBA,AHSEC,OTHERS,VG,VG,BANK_OFFICIAL,SCHOOL_TEACHER
EXCELLENT,MALE,GENERAL,WA,ONE,SEBA,AHSEC,ENGLISH,EXCELLENT,EXCELLENT,COLLEGE_TEACHER,SCHOOL_TEACHER
EXCELLENT,MALE,GENERAL,NO,ONE,OTHERS,CBSE,ENGLISH,EXCELLENT,EXCELLENT,ENGINEER,HOUSE_WIFE
EXCELLENT,MALE,GENERAL,OA,TWO,CBSE,CBSE,ENGLISH,EXCELLENT,EXCELLENT,BUSINESS,HOUSE_WIFE
EXCELLENT,FEMALE,GENERAL,WA,TWO,SEBA,AHSEC,ENGLISH,EXCELLENT,EXCELLENT,SCHOOL_TEACHER,OTHERS
EXCELLENT,FEMALE,GENERAL,WA,TWO,SEBA,AHSEC,ENGLISH,EXCELLENT,EXCELLENT,COLLEGE_TEACHER,COLLEGE_TEACHER
EXCELLENT,MALE,GENERAL,OA,TWO,OTHERS,OTHERS,ENGLISH,EXCELLENT,VG,DOCTOR,OTHERS
EXCELLENT,FEMALE,GENERAL,WA,TWO,SEBA,AHSEC,ENGLISH,EXCELLENT,VG,OTHERS,COLLEGE_TEACHER
EXCELLENT,FEMALE,GENERAL,NO,TWO,SEBA,AHSEC,ENGLISH,GOOD,VG,SCHOOL_TEACHER,HOUSE_WIFE
EXCELLENT,FEMALE,GENERAL,NO,ONE,CBSE,CBSE,ENGLISH,EXCELLENT,EXCELLENT,COLLEGE_TEACHER,SCHOOL_TEACHER
EXCELLENT,MALE,GENERAL,WA,TWO,SEBA,AHSEC,ENGLISH,EXCELLENT,EXCELLENT,ENGINEER,HOUSE_WIFE
EXCELLENT,FEMALE,GENERAL,NO,TWO,SEBA,AHSEC,ENGLISH,EXCELLENT,EXCELLENT,OTHERS,HOUSE_WIFE
EXCELLENT,MALE,GENERAL,WA,TWO,SEBA,AHSEC,ASSAMESE,EXCELLENT,EXCELLENT,OTHERS,HOUSE_WIFE
EXCELLENT,MALE,OBC,NO,ONE,CBSE,CBSE,ENGLISH,EXCELLENT,EXCELLENT,BUSINESS,OTHERS
EXCELLENT,FEMALE,GENERAL,OA,TWO,CBSE,AHSEC,ENGLISH,EXCELLENT,EXCELLENT,BUSINESS,HOUSE_WIFE
EXCELLENT,MALE,GENERAL,OA,TWO,CBSE,CBSE,ENGLISH,EXCELLENT,EXCELLENT,DOCTOR,COLLEGE_TEACHER
EXCELLENT,MALE,GENERAL,WA,TWO,SEBA,AHSEC,ENGLISH,EXCELLENT,EXCELLENT,BUSINESS,HOUSE_WIFE
EXCELLENT,MALE,GENERAL,NO,TWO,CBSE,CBSE,ENGLISH,EXCELLENT,EXCELLENT,OTHERS,HOUSE_WIFE
EXCELLENT,MALE,GENERAL,WA,TWO,CBSE,CBSE,ENGLISH,EXCELLENT,VG,ENGINEER,HOUSE_WIFE
EXCELLENT,FEMALE,GENERAL,WA,TWO,SEBA,AHSEC,ENGLISH,EXCELLENT,EXCELLENT,DOCTOR,COLLEGE_TEACHER
EXCELLENT,MALE,GENERAL,WA,TWO,SEBA,AHSEC,OTHERS,GOOD,GOOD,SCHOOL_TEACHER,SCHOOL_TEACHER
EXCELLENT,MALE,GENERAL,WA,TWO,CBSE,CBSE,ENGLISH,EXCELLENT,EXCELLENT,BANK_OFFICIAL,HOUSE_WIFE
EXCELLENT,MALE,SC,OA,TWO,CBSE,CBSE,ENGLISH,EXCELLENT,EXCELLENT,OTHERS,HOUSE_WIFE
EXCELLENT,MALE,SC,WA,TWO,SEBA,AHSEC,OTHERS,EXCELLENT,VG,OTHERS,HOUSE_WIFE
EXCELLENT,FEMALE,GENERAL,NO,TWO,CBSE,AHSEC,ENGLISH,EXCELLENT,EXCELLENT,COLLEGE_TEACHER,SCHOOL_TEACHER
EXCELLENT,FEMALE,GENERAL,WA,TWO,CBSE,CBSE,ENGLISH,EXCELLENT,EXCELLENT,OTHERS,SCHOOL_TEACHER
EXCELLENT,FEMALE,GENERAL,WA,TWO,CBSE,CBSE,ENGLISH,EXCELLENT,EXCELLENT,OTHERS,OTHERS
EXCELLENT,MALE,GENERAL,WA,TWO,CBSE,CBSE,ENGLISH,EXCELLENT,EXCELLENT,DOCTOR,DOCTOR
EXCELLENT,MALE,GENERAL,WA,TWO,CBSE,CBSE,ENGLISH,EXCELLENT,EXCELLENT,ENGINEER,HOUSE_WIFE
EXCELLENT,FEMALE,GENERAL,WA,THREE,SEBA,AHSEC,OTHERS,VG,VG,OTHERS,HOUSE_WIFE
EXCELLENT,FEMALE,GENERAL,WA,TWO,OTHERS,CBSE,ENGLISH,EXCELLENT,EXCELLENT,ENGINEER,HOUSE_WIFE
EXCELLENT,MALE,SC,OA,TWO,SEBA,AHSEC,ENGLISH,GOOD,GOOD,BUSINESS,HOUSE_WIFE
EXCELLENT,MALE,GENERAL,WA,THREE,SEBA,AHSEC,ASSAMESE,EXCELLENT,GOOD,COLLEGE_TEACHER,HOUSE_WIFE
EXCELLENT,MALE,GENERAL,NO,TWO,CBSE,CBSE,ENGLISH,EXCELLENT,GOOD,BANK_OFFICIAL,HOUSE_WIFE
EXCELLENT,MALE,GENERAL,OA,TWO,SEBA,AHSEC,ENGLISH,EXCELLENT,VG,SCHOOL_TEACHER,HOUSE_WIFE
EXCELLENT,FEMALE,GENERAL,WA,TWO,SEBA,AHSEC,ASSAMESE,EXCELLENT,EXCELLENT,BUSINESS,HOUSE_WIFE
EXCELLENT,MALE,GENERAL,WA,TWO,SEBA,AHSEC,OTHERS,EXCELLENT,EXCELLENT,OTHERS,HOUSE_WIFE
EXCELLENT,MALE,GENERAL,WA,TWO,CBSE,CBSE,ENGLISH,EXCELLENT,EXCELLENT,DOCTOR,SCHOOL_TEACHER
EXCELLENT,FEMALE,GENERAL,WA,TWO,CBSE,CBSE,ENGLISH,EXCELLENT,EXCELLENT,ENGINEER,HOUSE_WIFE
EXCELLENT,MALE,GENERAL,WA,TWO,SEBA,AHSEC,ENGLISH,EXCELLENT,EXCELLENT,ENGINEER,COLLEGE_TEACHER
EXCELLENT,FEMALE,GENERAL,WA,TWO,CBSE,CBSE,ENGLISH,EXCELLENT,EXCELLENT,OTHERS,OTHERS
EXCELLENT,FEMALE,GENERAL,WA,TWO,SEBA,AHSEC,ENGLISH,EXCELLENT,EXCELLENT,ENGINEER,HOUSE_WIFE
EXCELLENT,MALE,OBC,WA,ONE,SEBA,AHSEC,ASSAMESE,AVERAGE,AVERAGE,BUSINESS,OTHERS
EXCELLENT,MALE,GENERAL,NO,TWO,CBSE,AHSEC,ENGLISH,EXCELLENT,EXCELLENT,OTHERS,HOUSE_WIFE
EXCELLENT,MALE,OBC,NO,ONE,CBSE,CBSE,ENGLISH,EXCELLENT,EXCELLENT,OTHERS,HOUSE_WIFE
EXCELLENT,FEMALE,GENERAL,WA,TWO,CBSE,CBSE,ENGLISH,EXCELLENT,EXCELLENT,OTHERS,HOUSE_WIFE
EXCELLENT,FEMALE,GENERAL,OA,TWO,CBSE,CBSE,ENGLISH,EXCELLENT,EXCELLENT,OTHERS,HOUSE_WIFE
EXCELLENT,MALE,OBC,WA,TWO,SEBA,AHSEC,OTHERS,GOOD,GOOD,OTHERS,HOUSE_WIFE
EXCELLENT,MALE,GENERAL,WA,ONE,OTHERS,OTHERS,ENGLISH,EXCELLENT,GOOD,OTHERS,OTHERS
EXCELLENT,MALE,OBC,OA,TWO,OTHERS,OTHERS,OTHERS,VG,VG,BUSINESS,HOUSE_WIFE
EXCELLENT,MALE,GENERAL,WA,THREE,SEBA,AHSEC,ASSAMESE,VG,GOOD,OTHERS,SCHOOL_TEACHER
EXCELLENT,MALE,GENERAL,OA,TWO,CBSE,CBSE,ENGLISH,EXCELLENT,VG,SCHOOL_TEACHER,SCHOOL_TEACHER
EXCELLENT,MALE,GENERAL,WA,ONE,CBSE,CBSE,ENGLISH,EXCELLENT,EXCELLENT,OTHERS,COLLEGE_TEACHER
EXCELLENT,FEMALE,GENERAL,WA,THREE,SEBA,AHSEC,OTHERS,EXCELLENT,EXCELLENT,SCHOOL_TEACHER,HOUSE_WIFE
EXCELLENT,MALE,GENERAL,OA,TWO,CBSE,CBSE,ENGLISH,EXCELLENT,EXCELLENT,OTHERS,HOUSE_WIFE
EXCELLENT,FEMALE,GENERAL,WA,TWO,CBSE,CBSE,ENGLISH,EXCELLENT,EXCELLENT,DOCTOR,OTHERS
EXCELLENT,MALE,GENERAL,WA,TWO,SEBA,AHSEC,ENGLISH,EXCELLENT,EXCELLENT,OTHERS,SCHOOL_TEACHER
EXCELLENT,FEMALE,GENERAL,WA,TWO,CBSE,CBSE,ENGLISH,EXCELLENT,VG,OTHERS,HOUSE_WIFE
EXCELLENT,MALE,GENERAL,OA,ONE,SEBA,CBSE,ENGLISH,EXCELLENT,EXCELLENT,DOCTOR,HOUSE_WIFE
EXCELLENT,MALE,GENERAL,OA,TWO,CBSE,CBSE,ENGLISH,EXCELLENT,EXCELLENT,OTHERS,HOUSE_WIFE
EXCELLENT,MALE,GENERAL,WA,ONE,OTHERS,CBSE,ENGLISH,EXCELLENT,EXCELLENT,DOCTOR,HOUSE_WIFE
EXCELLENT,FEMALE,OBC,WA,TWO,SEBA,CBSE,ENGLISH,EXCELLENT,EXCELLENT,SCHOOL_TEACHER,HOUSE_WIFE
EXCELLENT,MALE,GENERAL,NO,ONE,SEBA,AHSEC,OTHERS,AVERAGE,GOOD,OTHERS,HOUSE_WIFE
EXCELLENT,MALE,OBC,WA,TWO,SEBA,AHSEC,ENGLISH,EXCELLENT,EXCELLENT,OTHERS,HOUSE_WIFE
EXCELLENT,FEMALE,OBC,WA,TWO,CBSE,CBSE,ENGLISH,EXCELLENT,EXCELLENT,OTHERS,HOUSE_WIFE
EXCELLENT,FEMALE,GENERAL,WA,ONE,SEBA,CBSE,ENGLISH,EXCELLENT,EXCELLENT,OTHERS,SCHOOL_TEACHER
EXCELLENT,MALE,GENERAL,OA,TWO,SEBA,CBSE,ENGLISH,EXCELLENT,EXCELLENT,ENGINEER,HOUSE_WIFE
EXCELLENT,MALE,GENERAL,WA,TWO,SEBA,AHSEC,OTHERS,GOOD,EXCELLENT,CULTIVATOR,HOUSE_WIFE
EXCELLENT,MALE,GENERAL,OA,TWO,SEBA,CBSE,ENGLISH,EXCELLENT,EXCELLENT,BUSINESS,HOUSE_WIFE
EXCELLENT,MALE,GENERAL,WA,THREE,SEBA,CBSE,ENGLISH,VG,GOOD,OTHERS,OTHERS
EXCELLENT,FEMALE,GENERAL,WA,TWO,SEBA,AHSEC,ASSAMESE,GOOD,AVERAGE,SCHOOL_TEACHER,SCHOOL_TEACHER
EXCELLENT,MALE,GENERAL,WA,TWO,SEBA,AHSEC,ENGLISH,EXCELLENT,EXCELLENT,ENGINEER,HOUSE_WIFE
EXCELLENT,FEMALE,GENERAL,WA,TWO,CBSE,CBSE,ENGLISH,EXCELLENT,EXCELLENT,OTHERS,HOUSE_WIFE
EXCELLENT,MALE,GENERAL,OA,TWO,SEBA,AHSEC,ENGLISH,EXCELLENT,EXCELLENT,ENGINEER,HOUSE_WIFE
EXCELLENT,FEMALE,OBC,WA,TWO,SEBA,AHSEC,ENGLISH,EXCELLENT,EXCELLENT,OTHERS,OTHERS
EXCELLENT,MALE,GENERAL,NO,ONE,CBSE,CBSE,ENGLISH,VG,VG,OTHERS,HOUSE_WIFE
EXCELLENT,FEMALE,OBC,WA,ONE,SEBA,AHSEC,ENGLISH,EXCELLENT,EXCELLENT,OTHERS,COLLEGE_TEACHER
EXCELLENT,FEMALE,GENERAL,WA,TWO,SEBA,AHSEC,ENGLISH,EXCELLENT,EXCELLENT,COLLEGE_TEACHER,SCHOOL_TEACHER
VG,FEMALE,GENERAL,WA,TWO,SEBA,CBSE,ENGLISH,EXCELLENT,EXCELLENT,DOCTOR,DOCTOR
VG,MALE,GENERAL,WA,TWO,CBSE,CBSE,ENGLISH,EXCELLENT,EXCELLENT,OTHERS,HOUSE_WIFE
VG,FEMALE,GENERAL,WA,TWO,SEBA,AHSEC,OTHERS,EXCELLENT,EXCELLENT,BANK_OFFICIAL,BANK_OFFICIAL
VG,MALE,GENERAL,WA,TWO,CBSE,CBSE,ENGLISH,EXCELLENT,VG,BANK_OFFICIAL,HOUSE_WIFE
VG,MALE,GENERAL,NO,ONE,OTHERS,CBSE,ENGLISH,EXCELLENT,EXCELLENT,OTHERS,COLLEGE_TEACHER
VG,FEMALE,GENERAL,WA,ONE,CBSE,CBSE,ENGLISH,VG,VG,BUSINESS,HOUSE_WIFE
VG,MALE,GENERAL,WA,ONE,SEBA,AHSEC,ENGLISH,EXCELLENT,EXCELLENT,OTHERS,HOUSE_WIFE
VG,MALE,GENERAL,WA,TWO,SEBA,AHSEC,OTHERS,VG,EXCELLENT,BUSINESS,HOUSE_WIFE
VG,FEMALE,GENERAL,WA,TWO,SEBA,AHSEC,ENGLISH,EXCELLENT,EXCELLENT,OTHERS,HOUSE_WIFE
VG,MALE,GENERAL,NO,ONE,SEBA,CBSE,ENGLISH,GOOD,GOOD,OTHERS,HOUSE_WIFE
VG,MALE,GENERAL,WA,TWO,SEBA,AHSEC,ENGLISH,EXCELLENT,VG,SCHOOL_TEACHER,HOUSE_WIFE
VG,FEMALE,GENERAL,WA,ONE,CBSE,CBSE,ENGLISH,EXCELLENT,EXCELLENT,OTHERS,SCHOOL_TEACHER
VG,MALE,GENERAL,WA,FOUR,CBSE,CBSE,ENGLISH,VG,VG,COLLEGE_TEACHER,COLLEGE_TEACHER
VG,MALE,GENERAL,WA,THREE,SEBA,AHSEC,ENGLISH,EXCELLENT,EXCELLENT,BUSINESS,HOUSE_WIFE
VG,FEMALE,GENERAL,WA,TWO,CBSE,CBSE,ENGLISH,EXCELLENT,EXCELLENT,SCHOOL_TEACHER,SCHOOL_TEACHER
VG,FEMALE,OBC,WA,THREE,SEBA,AHSEC,ENGLISH,VG,VG,ENGINEER,HOUSE_WIFE
VG,MALE,GENERAL,WA,THREE,CBSE,CBSE,ENGLISH,EXCELLENT,EXCELLENT,OTHERS,HOUSE_WIFE
VG,MALE,GENERAL,WA,TWO,SEBA,AHSEC,ENGLISH,EXCELLENT,EXCELLENT,SCHOOL_TEACHER,HOUSE_WIFE
VG,MALE,GENERAL,WA,THREE,SEBA,AHSEC,OTHERS,EXCELLENT,GOOD,SCHOOL_TEACHER,HOUSE_WIFE
VG,MALE,GENERAL,NO,ONE,CBSE,CBSE,ENGLISH,EXCELLENT,EXCELLENT,COLLEGE_TEACHER,HOUSE_WIFE
VG,FEMALE,OBC,WA,TWO,OTHERS,CBSE,ENGLISH,EXCELLENT,EXCELLENT,ENGINEER,HOUSE_WIFE
VG,FEMALE,GENERAL,NO,ONE,SEBA,AHSEC,ENGLISH,EXCELLENT,EXCELLENT,OTHERS,HOUSE_WIFE
VG,FEMALE,GENERAL,WA,TWO,CBSE,CBSE,ENGLISH,EXCELLENT,EXCELLENT,COLLEGE_TEACHER,SCHOOL_TEACHER
VG,FEMALE,GENERAL,WA,TWO,SEBA,AHSEC,ENGLISH,GOOD,VG,COLLEGE_TEACHER,HOUSE_WIFE
VG,FEMALE,GENERAL,WA,TWO,SEBA,AHSEC,OTHERS,EXCELLENT,EXCELLENT,DOCTOR,HOUSE_WIFE
VG,FEMALE,OBC,OA,TWO,CBSE,CBSE,ENGLISH,EXCELLENT,EXCELLENT,BUSINESS,BUSINESS
VG,MALE,OBC,WA,TWO,SEBA,AHSEC,OTHERS,EXCELLENT,EXCELLENT,OTHERS,OTHERS
VG,FEMALE,GENERAL,WA,TWO,SEBA,AHSEC,OTHERS,EXCELLENT,EXCELLENT,COLLEGE_TEACHER,HOUSE_WIFE
VG,MALE,GENERAL,NO,THREE,SEBA,AHSEC,OTHERS,VG,VG,CULTIVATOR,HOUSE_WIFE
VG,FEMALE,OBC,WA,THREE,CBSE,AHSEC,ENGLISH,EXCELLENT,VG,SCHOOL_TEACHER,HOUSE_WIFE
VG,MALE,GENERAL,WA,TWO,SEBA,AHSEC,OTHERS,GOOD,VG,BUSINESS,HOUSE_WIFE
VG,MISSING,GENERAL,NO,ONE,SEBA,AHSEC,ENGLISH,EXCELLENT,EXCELLENT,DOCTOR,DOCTOR
VG,MALE,SC,WA,TWO,SEBA,AHSEC,ENGLISH,EXCELLENT,EXCELLENT,OTHERS,HOUSE_WIFE
VG,FEMALE,GENERAL,NO,TWO,CBSE,CBSE,ENGLISH,EXCELLENT,EXCELLENT,OTHERS,HOUSE_WIFE
VG,FEMALE,GENERAL,WA,TWO,SEBA,AHSEC,ASSAMESE,EXCELLENT,EXCELLENT,SCHOOL_TEACHER,HOUSE_WIFE
VG,MALE,GENERAL,WA,TWO,SEBA,AHSEC,OTHERS,EXCELLENT,EXCELLENT,SCHOOL_TEACHER,HOUSE_WIFE
VG,MALE,GENERAL,NO,ONE,CBSE,CBSE,ENGLISH,EXCELLENT,EXCELLENT,OTHERS,SCHOOL_TEACHER
VG,FEMALE,OBC,NO,TWO,CBSE,CBSE,ENGLISH,EXCELLENT,EXCELLENT,OTHERS,HOUSE_WIFE
VG,FEMALE,GENERAL,WA,TWO,CBSE,AHSEC,ENGLISH,EXCELLENT,EXCELLENT,OTHERS,HOUSE_WIFE
VG,MALE,GENERAL,WA,TWO,SEBA,AHSEC,ENGLISH,EXCELLENT,VG,BUSINESS,HOUSE_WIFE
VG,MALE,OBC,WA,ONE,CBSE,CBSE,ENGLISH,EXCELLENT,EXCELLENT,OTHERS,HOUSE_WIFE
VG,MALE,OBC,NO,ONE,CBSE,CBSE,ENGLISH,EXCELLENT,EXCELLENT,OTHERS,COLLEGE_TEACHER
VG,MALE,OBC,WA,ONE,SEBA,AHSEC,OTHERS,EXCELLENT,EXCELLENT,SCHOOL_TEACHER,HOUSE_WIFE
VG,FEMALE,GENERAL,WA,TWO,SEBA,AHSEC,ENGLISH,EXCELLENT,EXCELLENT,SCHOOL_TEACHER,SCHOOL_TEACHER
VG,FEMALE,GENERAL,WA,TWO,SEBA,AHSEC,ENGLISH,EXCELLENT,EXCELLENT,OTHERS,COLLEGE_TEACHER
VG,MALE,OBC,NO,ONE,CBSE,CBSE,ENGLISH,EXCELLENT,EXCELLENT,BUSINESS,HOUSE_WIFE
VG,MALE,GENERAL,WA,THREE,CBSE,CBSE,ENGLISH,VG,VG,OTHERS,HOUSE_WIFE
VG,MALE,GENERAL,WA,TWO,CBSE,CBSE,ENGLISH,EXCELLENT,EXCELLENT,SCHOOL_TEACHER,HOUSE_WIFE
VG,FEMALE,GENERAL,WA,ONE,SEBA,AHSEC,ENGLISH,EXCELLENT,EXCELLENT,OTHERS,HOUSE_WIFE
VG,FEMALE,GENERAL,WA,ONE,CBSE,CBSE,ENGLISH,EXCELLENT,EXCELLENT,COLLEGE_TEACHER,COLLEGE_TEACHER
VG,MALE,GENERAL,WA,THREE,CBSE,CBSE,ENGLISH,VG,GOOD,SCHOOL_TEACHER,HOUSE_WIFE
VG,FEMALE,GENERAL,NO,ONE,CBSE,CBSE,ENGLISH,EXCELLENT,EXCELLENT,OTHERS,HOUSE_WIFE
VG,FEMALE,GENERAL,OA,THREE,CBSE,CBSE,ENGLISH,EXCELLENT,GOOD,OTHERS,HOUSE_WIFE
VG,MALE,GENERAL,WA,TWO,SEBA,AHSEC,ASSAMESE,EXCELLENT,VG,COLLEGE_TEACHER,SCHOOL_TEACHER
VG,FEMALE,GENERAL,WA,ONE,OTHERS,CBSE,ENGLISH,EXCELLENT,EXCELLENT,DOCTOR,DOCTOR
VG,MALE,GENERAL,OA,ONE,OTHERS,OTHERS,ENGLISH,VG,EXCELLENT,COLLEGE_TEACHER,SCHOOL_TEACHER
VG,FEMALE,GENERAL,NO,ONE,SEBA,AHSEC,ENGLISH,EXCELLENT,EXCELLENT,OTHERS,HOUSE_WIFE
VG,FEMALE,OBC,WA,TWO,SEBA,AHSEC,ENGLISH,EXCELLENT,EXCELLENT,DOCTOR,OTHERS
VG,FEMALE,OBC,OA,TWO,CBSE,CBSE,ENGLISH,EXCELLENT,EXCELLENT,OTHERS,HOUSE_WIFE
VG,FEMALE,GENERAL,WA,ONE,CBSE,CBSE,ENGLISH,EXCELLENT,EXCELLENT,ENGINEER,HOUSE_WIFE
VG,FEMALE,SC,WA,TWO,CBSE,CBSE,ENGLISH,EXCELLENT,EXCELLENT,ENGINEER,HOUSE_WIFE
VG,MISSING,GENERAL,WA,TWO,SEBA,CBSE,ENGLISH,GOOD,GOOD,SCHOOL_TEACHER,HOUSE_WIFE
VG,MALE,GENERAL,NO,ONE,SEBA,AHSEC,ENGLISH,EXCELLENT,EXCELLENT,OTHERS,HOUSE_WIFE
VG,MALE,OBC,WA,TWO,SEBA,AHSEC,ENGLISH,EXCELLENT,EXCELLENT,OTHERS,HOUSE_WIFE
VG,MALE,GENERAL,WA,THREE,SEBA,AHSEC,ENGLISH,EXCELLENT,VG,BUSINESS,SCHOOL_TEACHER
VG,FEMALE,GENERAL,WA,TWO,SEBA,AHSEC,OTHERS,EXCELLENT,GOOD,OTHERS,SCHOOL_TEACHER
VG,MALE,SC,NO,ONE,SEBA,AHSEC,ENGLISH,EXCELLENT,EXCELLENT,BUSINESS,SCHOOL_TEACHER
VG,FEMALE,OBC,WA,TWO,SEBA,AHSEC,ENGLISH,EXCELLENT,EXCELLENT,OTHERS,HOUSE_WIFE
VG,FEMALE,OBC,WA,TWO,SEBA,AHSEC,ENGLISH,EXCELLENT,EXCELLENT,OTHERS,HOUSE_WIFE
VG,FEMALE,GENERAL,NO,THREE,SEBA,AHSEC,ENGLISH,EXCELLENT,VG,OTHERS,HOUSE_WIFE
VG,MALE,OBC,NO,ONE,CBSE,AHSEC,ENGLISH,EXCELLENT,EXCELLENT,SCHOOL_TEACHER,HOUSE_WIFE
VG,MALE,GENERAL,OA,TWO,CBSE,CBSE,ENGLISH,EXCELLENT,EXCELLENT,OTHERS,SCHOOL_TEACHER
VG,MALE,OBC,WA,TWO,SEBA,AHSEC,OTHERS,EXCELLENT,VG,BUSINESS,HOUSE_WIFE
VG,MALE,GENERAL,NO,ONE,SEBA,AHSEC,OTHERS,EXCELLENT,EXCELLENT,SCHOOL_TEACHER,HOUSE_WIFE
VG,MALE,GENERAL,NO,ONE,CBSE,AHSEC,ENGLISH,EXCELLENT,EXCELLENT,ENGINEER,HOUSE_WIFE
VG,MALE,SC,WA,TWO,CBSE,CBSE,ENGLISH,EXCELLENT,VG,SCHOOL_TEACHER,HOUSE_WIFE
VG,MALE,OBC,WA,THREE,SEBA,AHSEC,ENGLISH,EXCELLENT,EXCELLENT,SCHOOL_TEACHER,HOUSE_WIFE
VG,FEMALE,GENERAL,WA,TWO,CBSE,CBSE,ENGLISH,EXCELLENT,EXCELLENT,ENGINEER,COLLEGE_TEACHER
VG,MALE,GENERAL,OA,TWO,CBSE,CBSE,ENGLISH,EXCELLENT,EXCELLENT,BUSINESS,HOUSE_WIFE
VG,FEMALE,GENERAL,WA,TWO,SEBA,AHSEC,OTHERS,EXCELLENT,EXCELLENT,SCHOOL_TEACHER,HOUSE_WIFE
VG,FEMALE,GENERAL,WA,TWO,CBSE,CBSE,ENGLISH,EXCELLENT,EXCELLENT,ENGINEER,HOUSE_WIFE
VG,FEMALE,OBC,WA,TWO,SEBA,AHSEC,ENGLISH,VG,VG,COLLEGE_TEACHER,HOUSE_WIFE
VG,FEMALE,GENERAL,WA,TWO,SEBA,AHSEC,ASSAMESE,EXCELLENT,EXCELLENT,OTHERS,HOUSE_WIFE
VG,FEMALE,GENERAL,WA,ONE,SEBA,AHSEC,ENGLISH,EXCELLENT,EXCELLENT,BUSINESS,HOUSE_WIFE
VG,MALE,GENERAL,WA,TWO,SEBA,AHSEC,ENGLISH,EXCELLENT,EXCELLENT,CULTIVATOR,HOUSE_WIFE
VG,FEMALE,OBC,WA,TWO,CBSE,CBSE,ENGLISH,EXCELLENT,EXCELLENT,OTHERS,OTHERS
VG,MISSING,GENERAL,WA,TWO,CBSE,CBSE,ENGLISH,EXCELLENT,EXCELLENT,DOCTOR,DOCTOR
VG,FEMALE,GENERAL,WA,THREE,SEBA,AHSEC,OTHERS,VG,VG,OTHERS,HOUSE_WIFE
VG,FEMALE,OBC,OA,THREE,SEBA,AHSEC,ENGLISH,GOOD,VG,OTHERS,HOUSE_WIFE
VG,FEMALE,GENERAL,WA,TWO,SEBA,AHSEC,ENGLISH,EXCELLENT,EXCELLENT,OTHERS,HOUSE_WIFE
VG,MALE,GENERAL,WA,TWO,CBSE,CBSE,ENGLISH,EXCELLENT,EXCELLENT,OTHERS,HOUSE_WIFE
VG,MALE,OBC,WA,TWO,SEBA,AHSEC,ENGLISH,EXCELLENT,VG,OTHERS,HOUSE_WIFE
VG,MALE,OBC,NO,FOUR,SEBA,AHSEC,OTHERS,VG,VG,BUSINESS,HOUSE_WIFE
VG,MALE,OBC,WA,ONE,CBSE,CBSE,ENGLISH,EXCELLENT,EXCELLENT,DOCTOR,HOUSE_WIFE
VG,FEMALE,GENERAL,WA,TWO,SEBA,AHSEC,OTHERS,EXCELLENT,EXCELLENT,SCHOOL_TEACHER,HOUSE_WIFE
VG,MALE,GENERAL,WA,ONE,CBSE,CBSE,ENGLISH,EXCELLENT,EXCELLENT,OTHERS,SCHOOL_TEACHER
VG,FEMALE,GENERAL,WA,TWO,SEBA,AHSEC,ENGLISH,EXCELLENT,VG,BUSINESS,SCHOOL_TEACHER
VG,MALE,OBC,OA,TWO,SEBA,CBSE,ENGLISH,VG,EXCELLENT,BUSINESS,HOUSE_WIFE
VG,FEMALE,GENERAL,WA,TWO,SEBA,AHSEC,ENGLISH,VG,VG,OTHERS,HOUSE_WIFE
VG,MALE,GENERAL,WA,TWO,SEBA,AHSEC,ENGLISH,EXCELLENT,EXCELLENT,BUSINESS,HOUSE_WIFE
VG,MALE,GENERAL,WA,TWO,CBSE,CBSE,ENGLISH,EXCELLENT,EXCELLENT,OTHERS,OTHERS
VG,FEMALE,GENERAL,NO,ONE,SEBA,AHSEC,ENGLISH,EXCELLENT,EXCELLENT,OTHERS,OTHERS
VG,MALE,GENERAL,NO,ONE,SEBA,AHSEC,ENGLISH,EXCELLENT,EXCELLENT,ENGINEER,SCHOOL_TEACHER
VG,FEMALE,OBC,WA,THREE,SEBA,AHSEC,ENGLISH,EXCELLENT,EXCELLENT,SCHOOL_TEACHER,OTHERS
VG,MALE,GENERAL,WA,TWO,CBSE,CBSE,ENGLISH,EXCELLENT,EXCELLENT,OTHERS,HOUSE_WIFE
VG,FEMALE,GENERAL,WA,TWO,SEBA,CBSE,ENGLISH,EXCELLENT,EXCELLENT,BUSINESS,HOUSE_WIFE
VG,FEMALE,GENERAL,WA,TWO,CBSE,CBSE,ENGLISH,EXCELLENT,EXCELLENT,COLLEGE_TEACHER,HOUSE_WIFE
VG,MALE,GENERAL,WA,ONE,CBSE,CBSE,ENGLISH,EXCELLENT,EXCELLENT,BUSINESS,HOUSE_WIFE
VG,MALE,GENERAL,WA,ONE,SEBA,AHSEC,ENGLISH,EXCELLENT,EXCELLENT,DOCTOR,HOUSE_WIFE
VG,MALE,GENERAL,WA,TWO,CBSE,CBSE,ENGLISH,EXCELLENT,EXCELLENT,OTHERS,OTHERS
VG,FEMALE,GENERAL,WA,TWO,SEBA,AHSEC,ENGLISH,VG,VG,OTHERS,HOUSE_WIFE
VG,FEMALE,OBC,WA,TWO,CBSE,CBSE,ENGLISH,EXCELLENT,EXCELLENT,OTHERS,OTHERS
VG,MALE,GENERAL,WA,TWO,CBSE,CBSE,ENGLISH,EXCELLENT,EXCELLENT,OTHERS,HOUSE_WIFE
VG,FEMALE,SC,OA,TWO,SEBA,CBSE,ENGLISH,EXCELLENT,VG,OTHERS,BANK_OFFICIAL
VG,MALE,GENERAL,WA,TWO,CBSE,CBSE,ENGLISH,EXCELLENT,EXCELLENT,BANK_OFFICIAL,HOUSE_WIFE
VG,FEMALE,GENERAL,WA,FOUR,CBSE,CBSE,ENGLISH,EXCELLENT,VG,BANK_OFFICIAL,BANK_OFFICIAL
VG,MALE,GENERAL,WA,TWO,CBSE,CBSE,ENGLISH,EXCELLENT,EXCELLENT,BUSINESS,OTHERS
VG,FEMALE,ST,WA,TWO,SEBA,AHSEC,ENGLISH,EXCELLENT,EXCELLENT,OTHERS,HOUSE_WIFE
VG,FEMALE,GENERAL,WA,ONE,SEBA,AHSEC,ENGLISH,EXCELLENT,EXCELLENT,BANK_OFFICIAL,HOUSE_WIFE
VG,MALE,GENERAL,WA,THREE,SEBA,AHSEC,OTHERS,VG,VG,OTHERS,HOUSE_WIFE
VG,MALE,OBC,WA,TWO,CBSE,CBSE,ENGLISH,EXCELLENT,EXCELLENT,OTHERS,HOUSE_WIFE
VG,MALE,GENERAL,WA,TWO,SEBA,AHSEC,OTHERS,EXCELLENT,VG,SCHOOL_TEACHER,HOUSE_WIFE
VG,FEMALE,GENERAL,WA,TWO,SEBA,AHSEC,ENGLISH,EXCELLENT,EXCELLENT,OTHERS,COLLEGE_TEACHER
VG,MALE,GENERAL,WA,ONE,CBSE,CBSE,ENGLISH,EXCELLENT,EXCELLENT,OTHERS,HOUSE_WIFE
VG,FEMALE,GENERAL,WA,ONE,CBSE,CBSE,ENGLISH,EXCELLENT,EXCELLENT,OTHERS,HOUSE_WIFE
VG,MALE,GENERAL,NO,ONE,SEBA,AHSEC,ENGLISH,EXCELLENT,EXCELLENT,BUSINESS,HOUSE_WIFE
VG,MALE,GENERAL,WA,TWO,CBSE,CBSE,ENGLISH,EXCELLENT,EXCELLENT,ENGINEER,HOUSE_WIFE
VG,MALE,OBC,NO,ONE,SEBA,AHSEC,ENGLISH,EXCELLENT,EXCELLENT,COLLEGE_TEACHER,SCHOOL_TEACHER
VG,FEMALE,GENERAL,WA,THREE,CBSE,CBSE,ENGLISH,EXCELLENT,EXCELLENT,SCHOOL_TEACHER,SCHOOL_TEACHER
VG,FEMALE,SC,WA,TWO,SEBA,AHSEC,ASSAMESE,EXCELLENT,VG,OTHERS,OTHERS
VG,MALE,OBC,WA,THREE,SEBA,AHSEC,OTHERS,VG,VG,CULTIVATOR,CULTIVATOR
VG,MALE,GENERAL,WA,TWO,SEBA,AHSEC,OTHERS,EXCELLENT,EXCELLENT,OTHERS,HOUSE_WIFE
VG,MALE,OBC,WA,TWO,SEBA,AHSEC,ENGLISH,EXCELLENT,EXCELLENT,SCHOOL_TEACHER,SCHOOL_TEACHER
VG,FEMALE,GENERAL,WA,TWO,SEBA,AHSEC,ENGLISH,EXCELLENT,EXCELLENT,OTHERS,HOUSE_WIFE
VG,MALE,OBC,WA,THREE,SEBA,AHSEC,OTHERS,VG,EXCELLENT,SCHOOL_TEACHER,SCHOOL_TEACHER
VG,MALE,OBC,WA,TWO,SEBA,AHSEC,OTHERS,EXCELLENT,EXCELLENT,CULTIVATOR,SCHOOL_TEACHER
VG,FEMALE,GENERAL,WA,ONE,CBSE,CBSE,ENGLISH,EXCELLENT,EXCELLENT,BUSINESS,BUSINESS
VG,MALE,GENERAL,WA,TWO,SEBA,AHSEC,ENGLISH,EXCELLENT,EXCELLENT,BUSINESS,HOUSE_WIFE
VG,MALE,GENERAL,WA,THREE,SEBA,AHSEC,ASSAMESE,GOOD,GOOD,OTHERS,HOUSE_WIFE
VG,FEMALE,SC,WA,TWO,SEBA,AHSEC,ENGLISH,EXCELLENT,EXCELLENT,BANK_OFFICIAL,SCHOOL_TEACHER
VG,MALE,ST,NO,TWO,SEBA,AHSEC,ENGLISH,AVERAGE,AVERAGE,OTHERS,HOUSE_WIFE
VG,FEMALE,GENERAL,WA,THREE,SEBA,CBSE,ENGLISH,EXCELLENT,EXCELLENT,BUSINESS,HOUSE_WIFE
VG,FEMALE,GENERAL,NO,ONE,SEBA,AHSEC,ENGLISH,VG,EXCELLENT,DOCTOR,SCHOOL_TEACHER
VG,FEMALE,SC,WA,ONE,CBSE,CBSE,ENGLISH,EXCELLENT,EXCELLENT,OTHERS,HOUSE_WIFE
VG,FEMALE,GENERAL,WA,ONE,CBSE,CBSE,ENGLISH,EXCELLENT,EXCELLENT,OTHERS,HOUSE_WIFE
VG,FEMALE,GENERAL,NO,ONE,SEBA,AHSEC,ENGLISH,EXCELLENT,EXCELLENT,ENGINEER,ENGINEER
VG,MALE,OBC,WA,TWO,CBSE,CBSE,ENGLISH,EXCELLENT,VG,OTHERS,OTHERS
VG,MALE,OBC,NO,FOUR,CBSE,CBSE,ENGLISH,EXCELLENT,VG,OTHERS,HOUSE_WIFE
VG,FEMALE,GENERAL,WA,TWO,SEBA,AHSEC,ENGLISH,EXCELLENT,EXCELLENT,OTHERS,HOUSE_WIFE
VG,FEMALE,OBC,OA,ONE,CBSE,CBSE,ENGLISH,EXCELLENT,EXCELLENT,OTHERS,HOUSE_WIFE
VG,FEMALE,OBC,WA,ONE,SEBA,AHSEC,ENGLISH,EXCELLENT,EXCELLENT,SCHOOL_TEACHER,SCHOOL_TEACHER
VG,MALE,OBC,NO,ONE,CBSE,CBSE,ENGLISH,EXCELLENT,EXCELLENT,DOCTOR,OTHERS
VG,FEMALE,GENERAL,NO,ONE,SEBA,AHSEC,ENGLISH,EXCELLENT,EXCELLENT,ENGINEER,COLLEGE_TEACHER
VG,MALE,OBC,WA,THREE,SEBA,AHSEC,ENGLISH,VG,VG,OTHERS,HOUSE_WIFE
VG,FEMALE,GENERAL,NO,ONE,SEBA,AHSEC,OTHERS,EXCELLENT,EXCELLENT,DOCTOR,DOCTOR
VG,MALE,OBC,WA,TWO,CBSE,CBSE,ENGLISH,EXCELLENT,VG,OTHERS,HOUSE_WIFE
VG,FEMALE,OBC,NO,THREE,CBSE,CBSE,ENGLISH,EXCELLENT,EXCELLENT,DOCTOR,HOUSE_WIFE
VG,FEMALE,GENERAL,WA,TWO,SEBA,AHSEC,ENGLISH,EXCELLENT,VG,BUSINESS,HOUSE_WIFE
VG,MALE,GENERAL,WA,TWO,SEBA,AHSEC,ASSAMESE,EXCELLENT,VG,OTHERS,HOUSE_WIFE
VG,MALE,GENERAL,WA,TWO,SEBA,AHSEC,ENGLISH,GOOD,GOOD,BUSINESS,HOUSE_WIFE
VG,FEMALE,SC,NO,TWO,CBSE,CBSE,ENGLISH,EXCELLENT,EXCELLENT,ENGINEER,OTHERS
VG,FEMALE,SC,NO,ONE,CBSE,CBSE,ENGLISH,EXCELLENT,EXCELLENT,BANK_OFFICIAL,HOUSE_WIFE
VG,MALE,GENERAL,WA,TWO,SEBA,AHSEC,OTHERS,EXCELLENT,VG,OTHERS,HOUSE_WIFE
VG,FEMALE,GENERAL,WA,TWO,SEBA,AHSEC,ASSAMESE,EXCELLENT,EXCELLENT,SCHOOL_TEACHER,SCHOOL_TEACHER
VG,FEMALE,OBC,NO,TWO,SEBA,AHSEC,ENGLISH,EXCELLENT,EXCELLENT,OTHERS,HOUSE_WIFE
VG,MALE,OBC,WA,ONE,SEBA,AHSEC,ENGLISH,EXCELLENT,EXCELLENT,OTHERS,HOUSE_WIFE
VG,FEMALE,OBC,WA,TWO,SEBA,AHSEC,ENGLISH,VG,EXCELLENT,OTHERS,HOUSE_WIFE
VG,MALE,GENERAL,NO,ONE,CBSE,AHSEC,ENGLISH,EXCELLENT,EXCELLENT,SCHOOL_TEACHER,SCHOOL_TEACHER
VG,FEMALE,GENERAL,WA,TWO,SEBA,AHSEC,ENGLISH,EXCELLENT,VG,OTHERS,HOUSE_WIFE
VG,MALE,GENERAL,WA,TWO,SEBA,AHSEC,ENGLISH,EXCELLENT,VG,ENGINEER,HOUSE_WIFE
VG,MALE,OBC,OA,ONE,CBSE,CBSE,ENGLISH,EXCELLENT,EXCELLENT,ENGINEER,ENGINEER
VG,FEMALE,GENERAL,WA,TWO,SEBA,AHSEC,ENGLISH,VG,VG,BUSINESS,HOUSE_WIFE
VG,FEMALE,GENERAL,WA,TWO,CBSE,CBSE,ENGLISH,EXCELLENT,EXCELLENT,OTHERS,OTHERS
VG,FEMALE,GENERAL,WA,ONE,CBSE,CBSE,ENGLISH,EXCELLENT,EXCELLENT,DOCTOR,DOCTOR
VG,FEMALE,GENERAL,WA,ONE,CBSE,CBSE,ENGLISH,EXCELLENT,EXCELLENT,OTHERS,HOUSE_WIFE
VG,MALE,OBC,OA,TWO,CBSE,CBSE,ENGLISH,EXCELLENT,GOOD,OTHERS,HOUSE_WIFE
VG,MALE,GENERAL,WA,ONE,CBSE,CBSE,ENGLISH,EXCELLENT,EXCELLENT,OTHERS,HOUSE_WIFE
VG,MALE,GENERAL,WA,THREE,SEBA,AHSEC,OTHERS,EXCELLENT,VG,SCHOOL_TEACHER,HOUSE_WIFE
VG,FEMALE,GENERAL,WA,TWO,OTHERS,AHSEC,ENGLISH,EXCELLENT,VG,COLLEGE_TEACHER,HOUSE_WIFE
VG,MALE,GENERAL,WA,THREE,SEBA,AHSEC,OTHERS,VG,VG,CULTIVATOR,HOUSE_WIFE
VG,FEMALE,GENERAL,WA,THREE,SEBA,AHSEC,ENGLISH,EXCELLENT,EXCELLENT,COLLEGE_TEACHER,SCHOOL_TEACHER
VG,FEMALE,GENERAL,WA,TWO,CBSE,CBSE,ENGLISH,EXCELLENT,EXCELLENT,COLLEGE_TEACHER,ENGINEER
VG,MALE,GENERAL,WA,TWO,CBSE,CBSE,ENGLISH,EXCELLENT,VG,BANK_OFFICIAL,HOUSE_WIFE
VG,MALE,GENERAL,OA,TWO,CBSE,CBSE,ENGLISH,EXCELLENT,VG,OTHERS,HOUSE_WIFE
VG,MALE,GENERAL,WA,THREE,CBSE,CBSE,ENGLISH,EXCELLENT,VG,OTHERS,HOUSE_WIFE
VG,MALE,GENERAL,WA,TWO,CBSE,CBSE,ENGLISH,EXCELLENT,EXCELLENT,BANK_OFFICIAL,HOUSE_WIFE
VG,MALE,GENERAL,WA,TWO,CBSE,CBSE,ENGLISH,EXCELLENT,VG,BUSINESS,HOUSE_WIFE
VG,MALE,GENERAL,WA,TWO,CBSE,AHSEC,ENGLISH,EXCELLENT,EXCELLENT,BUSINESS,HOUSE_WIFE
VG,FEMALE,OBC,WA,TWO,SEBA,AHSEC,ENGLISH,EXCELLENT,EXCELLENT,BUSINESS,SCHOOL_TEACHER
VG,FEMALE,OBC,NO,ONE,CBSE,CBSE,ENGLISH,VG,GOOD,BUSINESS,SCHOOL_TEACHER
VG,FEMALE,GENERAL,WA,TWO,CBSE,CBSE,ENGLISH,EXCELLENT,VG,OTHERS,SCHOOL_TEACHER
VG,MALE,GENERAL,WA,TWO,SEBA,AHSEC,OTHERS,EXCELLENT,VG,OTHERS,HOUSE_WIFE
VG,MALE,SC,WA,ONE,SEBA,AHSEC,ENGLISH,VG,EXCELLENT,OTHERS,HOUSE_WIFE
VG,MISSING,SC,WA,ONE,OTHERS,AHSEC,ENGLISH,EXCELLENT,EXCELLENT,ENGINEER,HOUSE_WIFE
VG,MALE,GENERAL,WA,TWO,SEBA,AHSEC,ENGLISH,VG,EXCELLENT,ENGINEER,HOUSE_WIFE
VG,FEMALE,OBC,NO,ONE,CBSE,AHSEC,ENGLISH,EXCELLENT,EXCELLENT,OTHERS,HOUSE_WIFE
VG,MALE,GENERAL,WA,ONE,SEBA,AHSEC,ENGLISH,VG,EXCELLENT,OTHERS,HOUSE_WIFE
GOOD,FEMALE,OBC,WA,TWO,SEBA,AHSEC,ENGLISH,EXCELLENT,EXCELLENT,OTHERS,HOUSE_WIFE
GOOD,FEMALE,GENERAL,WA,THREE,SEBA,AHSEC,ASSAMESE,EXCELLENT,VG,SCHOOL_TEACHER,HOUSE_WIFE
GOOD,MALE,SC,WA,TWO,SEBA,CBSE,OTHERS,VG,GOOD,OTHERS,HOUSE_WIFE
GOOD,MALE,GENERAL,NO,ONE,SEBA,AHSEC,OTHERS,EXCELLENT,EXCELLENT,SCHOOL_TEACHER,SCHOOL_TEACHER
GOOD,MALE,GENERAL,WA,THREE,SEBA,AHSEC,ASSAMESE,VG,VG,SCHOOL_TEACHER,SCHOOL_TEACHER
GOOD,FEMALE,GENERAL,NO,ONE,CBSE,CBSE,ENGLISH,EXCELLENT,EXCELLENT,OTHERS,HOUSE_WIFE
GOOD,MALE,GENERAL,NO,TWO,SEBA,AHSEC,OTHERS,EXCELLENT,EXCELLENT,OTHERS,HOUSE_WIFE
GOOD,MALE,SC,OA,TWO,CBSE,CBSE,ENGLISH,EXCELLENT,EXCELLENT,OTHERS,OTHERS
GOOD,FEMALE,OBC,WA,ONE,CBSE,CBSE,ENGLISH,EXCELLENT,EXCELLENT,OTHERS,HOUSE_WIFE
GOOD,FEMALE,GENERAL,WA,ONE,OTHERS,CBSE,ENGLISH,EXCELLENT,EXCELLENT,ENGINEER,DOCTOR
GOOD,MALE,OBC,WA,ONE,SEBA,AHSEC,ENGLISH,EXCELLENT,EXCELLENT,OTHERS,HOUSE_WIFE
GOOD,MALE,GENERAL,WA,TWO,SEBA,AHSEC,OTHERS,AVERAGE,GOOD,SCHOOL_TEACHER,HOUSE_WIFE
GOOD,MALE,OBC,WA,TWO,CBSE,CBSE,ENGLISH,EXCELLENT,EXCELLENT,SCHOOL_TEACHER,HOUSE_WIFE
GOOD,FEMALE,GENERAL,WA,TWO,SEBA,CBSE,ENGLISH,EXCELLENT,VG,BANK_OFFICIAL,HOUSE_WIFE
GOOD,MALE,GENERAL,WA,TWO,SEBA,AHSEC,ASSAMESE,EXCELLENT,EXCELLENT,SCHOOL_TEACHER,SCHOOL_TEACHER
GOOD,FEMALE,OBC,WA,TWO,SEBA,AHSEC,ENGLISH,EXCELLENT,EXCELLENT,OTHERS,SCHOOL_TEACHER
GOOD,FEMALE,GENERAL,WA,THREE,CBSE,CBSE,ENGLISH,EXCELLENT,VG,BUSINESS,HOUSE_WIFE
GOOD,MALE,OBC,OA,FOUR,SEBA,OTHERS,ENGLISH,VG,EXCELLENT,COLLEGE_TEACHER,HOUSE_WIFE
GOOD,FEMALE,OBC,WA,TWO,SEBA,AHSEC,ENGLISH,EXCELLENT,EXCELLENT,OTHERS,HOUSE_WIFE
GOOD,MALE,GENERAL,OA,TWO,SEBA,CBSE,ENGLISH,EXCELLENT,EXCELLENT,OTHERS,HOUSE_WIFE
GOOD,FEMALE,GENERAL,WA,TWO,SEBA,CBSE,ENGLISH,EXCELLENT,EXCELLENT,BANK_OFFICIAL,HOUSE_WIFE
GOOD,FEMALE,GENERAL,WA,TWO,SEBA,AHSEC,ENGLISH,EXCELLENT,EXCELLENT,SCHOOL_TEACHER,SCHOOL_TEACHER
GOOD,FEMALE,GENERAL,WA,TWO,CBSE,CBSE,ENGLISH,EXCELLENT,EXCELLENT,BUSINESS,HOUSE_WIFE
GOOD,MALE,GENERAL,WA,THREE,SEBA,AHSEC,ENGLISH,GOOD,VG,BUSINESS,HOUSE_WIFE
GOOD,MISSING,OBC,WA,TWO,SEBA,AHSEC,ENGLISH,EXCELLENT,VG,SCHOOL_TEACHER,HOUSE_WIFE
GOOD,MALE,GENERAL,NO,TWO,SEBA,AHSEC,ENGLISH,EXCELLENT,EXCELLENT,ENGINEER,COLLEGE_TEACHER
GOOD,MALE,GENERAL,NO,TWO,CBSE,CBSE,ENGLISH,EXCELLENT,VG,SCHOOL_TEACHER,HOUSE_WIFE
GOOD,MALE,GENERAL,NO,ONE,SEBA,AHSEC,ENGLISH,VG,VG,OTHERS,HOUSE_WIFE
GOOD,FEMALE,GENERAL,WA,TWO,SEBA,CBSE,ENGLISH,GOOD,VG,BUSINESS,HOUSE_WIFE
GOOD,MALE,GENERAL,NO,ONE,CBSE,CBSE,ENGLISH,EXCELLENT,EXCELLENT,OTHERS,HOUSE_WIFE
GOOD,MALE,SC,WA,THREE,CBSE,CBSE,ENGLISH,EXCELLENT,EXCELLENT,OTHERS,HOUSE_WIFE
GOOD,MALE,GENERAL,OA,ONE,CBSE,CBSE,ENGLISH,EXCELLENT,EXCELLENT,ENGINEER,HOUSE_WIFE
GOOD,FEMALE,GENERAL,WA,ONE,SEBA,AHSEC,ENGLISH,EXCELLENT,EXCELLENT,BANK_OFFICIAL,OTHERS
GOOD,FEMALE,GENERAL,WA,TWO,CBSE,CBSE,ENGLISH,EXCELLENT,EXCELLENT,COLLEGE_TEACHER,SCHOOL_TEACHER
GOOD,FEMALE,GENERAL,WA,TWO,SEBA,AHSEC,ASSAMESE,EXCELLENT,EXCELLENT,SCHOOL_TEACHER,SCHOOL_TEACHER
GOOD,MALE,GENERAL,WA,THREE,SEBA,AHSEC,OTHERS,VG,VG,SCHOOL_TEACHER,SCHOOL_TEACHER
GOOD,FEMALE,OBC,WA,ONE,SEBA,AHSEC,ENGLISH,VG,VG,OTHERS,HOUSE_WIFE
GOOD,FEMALE,GENERAL,OA,TWO,CBSE,CBSE,ENGLISH,EXCELLENT,VG,ENGINEER,HOUSE_WIFE
GOOD,MALE,OBC,NO,TWO,SEBA,AHSEC,ENGLISH,GOOD,GOOD,OTHERS,OTHERS
GOOD,FEMALE,GENERAL,WA,TWO,SEBA,CBSE,ENGLISH,EXCELLENT,GOOD,OTHERS,HOUSE_WIFE
GOOD,MALE,GENERAL,WA,TWO,SEBA,CBSE,ENGLISH,EXCELLENT,VG,OTHERS,HOUSE_WIFE
GOOD,FEMALE,OBC,OA,THREE,CBSE,CBSE,ENGLISH,VG,VG,BUSINESS,HOUSE_WIFE
GOOD,FEMALE,GENERAL,NO,ONE,SEBA,AHSEC,ENGLISH,EXCELLENT,EXCELLENT,DOCTOR,DOCTOR
GOOD,FEMALE,GENERAL,NO,ONE,SEBA,AHSEC,ENGLISH,EXCELLENT,EXCELLENT,ENGINEER,HOUSE_WIFE
GOOD,MALE,GENERAL,NO,ONE,CBSE,AHSEC,ENGLISH,EXCELLENT,EXCELLENT,OTHERS,SCHOOL_TEACHER
GOOD,MALE,GENERAL,WA,TWO,SEBA,AHSEC,ASSAMESE,EXCELLENT,VG,OTHERS,HOUSE_WIFE
GOOD,MALE,OBC,OA,TWO,CBSE,CBSE,ENGLISH,VG,VG,DOCTOR,HOUSE_WIFE
GOOD,MALE,GENERAL,WA,THREE,SEBA,AHSEC,ENGLISH,EXCELLENT,EXCELLENT,OTHERS,HOUSE_WIFE
GOOD,MALE,OBC,NO,FIVE,SEBA,AHSEC,OTHERS,GOOD,AVERAGE,SCHOOL_TEACHER,HOUSE_WIFE
GOOD,MALE,GENERAL,WA,TWO,CBSE,CBSE,ENGLISH,EXCELLENT,VG,OTHERS,HOUSE_WIFE
GOOD,MALE,OBC,OA,TWO,CBSE,CBSE,ENGLISH,EXCELLENT,EXCELLENT,BUSINESS,OTHERS
GOOD,MALE,OBC,NO,ONE,CBSE,CBSE,ENGLISH,EXCELLENT,EXCELLENT,OTHERS,HOUSE_WIFE
GOOD,FEMALE,OBC,WA,SEVEN,CBSE,CBSE,ENGLISH,EXCELLENT,GOOD,OTHERS,HOUSE_WIFE
GOOD,MALE,SC,WA,TWO,SEBA,AHSEC,ENGLISH,EXCELLENT,EXCELLENT,DOCTOR,HOUSE_WIFE
GOOD,FEMALE,SC,WA,TWO,CBSE,CBSE,ENGLISH,EXCELLENT,EXCELLENT,OTHERS,HOUSE_WIFE
GOOD,FEMALE,OBC,WA,ONE,SEBA,AHSEC,ENGLISH,VG,EXCELLENT,DOCTOR,HOUSE_WIFE
GOOD,FEMALE,OBC,WA,ONE,SEBA,AHSEC,OTHERS,EXCELLENT,EXCELLENT,BUSINESS,HOUSE_WIFE
GOOD,MALE,GENERAL,WA,TWO,CBSE,CBSE,ENGLISH,EXCELLENT,VG,OTHERS,OTHERS
GOOD,FEMALE,OBC,WA,THREE,SEBA,AHSEC,ENGLISH,EXCELLENT,EXCELLENT,OTHERS,OTHERS
GOOD,MALE,OBC,WA,TWO,SEBA,AHSEC,ASSAMESE,EXCELLENT,VG,SCHOOL_TEACHER,HOUSE_WIFE
GOOD,FEMALE,GENERAL,WA,TWO,SEBA,AHSEC,ENGLISH,EXCELLENT,EXCELLENT,DOCTOR,HOUSE_WIFE
GOOD,FEMALE,GENERAL,OA,ONE,CBSE,CBSE,ENGLISH,EXCELLENT,EXCELLENT,SCHOOL_TEACHER,SCHOOL_TEACHER
GOOD,FEMALE,GENERAL,NO,ONE,SEBA,AHSEC,ENGLISH,EXCELLENT,EXCELLENT,SCHOOL_TEACHER,SCHOOL_TEACHER
GOOD,FEMALE,OBC,NO,TWO,SEBA,AHSEC,ENGLISH,EXCELLENT,VG,BUSINESS,HOUSE_WIFE
GOOD,FEMALE,GENERAL,NO,ONE,CBSE,CBSE,ENGLISH,EXCELLENT,EXCELLENT,DOCTOR,HOUSE_WIFE
GOOD,MALE,GENERAL,WA,THREE,SEBA,AHSEC,OTHERS,VG,GOOD,SCHOOL_TEACHER,HOUSE_WIFE
GOOD,FEMALE,OBC,WA,TWO,CBSE,CBSE,ENGLISH,EXCELLENT,EXCELLENT,SCHOOL_TEACHER,OTHERS
GOOD,MALE,GENERAL,WA,TWO,SEBA,AHSEC,ENGLISH,EXCELLENT,EXCELLENT,OTHERS,HOUSE_WIFE
GOOD,MALE,GENERAL,WA,ONE,CBSE,CBSE,ENGLISH,EXCELLENT,VG,OTHERS,HOUSE_WIFE
GOOD,FEMALE,OBC,WA,ONE,CBSE,CBSE,ENGLISH,EXCELLENT,EXCELLENT,OTHERS,OTHERS
GOOD,MALE,GENERAL,WA,TWO,CBSE,CBSE,ENGLISH,EXCELLENT,EXCELLENT,BUSINESS,HOUSE_WIFE
GOOD,MALE,GENERAL,WA,ONE,SEBA,AHSEC,ENGLISH,EXCELLENT,EXCELLENT,DOCTOR,HOUSE_WIFE
GOOD,FEMALE,OBC,WA,TWO,CBSE,CBSE,ENGLISH,EXCELLENT,VG,OTHERS,HOUSE_WIFE
GOOD,FEMALE,OBC,WA,ONE,CBSE,CBSE,ENGLISH,EXCELLENT,EXCELLENT,OTHERS,OTHERS
GOOD,FEMALE,OBC,WA,TWO,SEBA,AHSEC,ENGLISH,EXCELLENT,EXCELLENT,OTHERS,SCHOOL_TEACHER
GOOD,FEMALE,OBC,WA,THREE,SEBA,AHSEC,OTHERS,GOOD,GOOD,BUSINESS,HOUSE_WIFE
GOOD,MALE,GENERAL,WA,TWO,CBSE,AHSEC,ENGLISH,EXCELLENT,EXCELLENT,OTHERS,HOUSE_WIFE
GOOD,FEMALE,OBC,WA,FOUR,SEBA,AHSEC,ENGLISH,VG,GOOD,BUSINESS,HOUSE_WIFE
GOOD,FEMALE,OBC,OA,TWO,SEBA,AHSEC,ENGLISH,EXCELLENT,EXCELLENT,SCHOOL_TEACHER,SCHOOL_TEACHER
GOOD,FEMALE,OBC,WA,TWO,CBSE,CBSE,ENGLISH,EXCELLENT,EXCELLENT,DOCTOR,OTHERS
GOOD,MALE,GENERAL,WA,TWO,SEBA,AHSEC,OTHERS,EXCELLENT,EXCELLENT,OTHERS,SCHOOL_TEACHER
GOOD,MALE,GENERAL,WA,TWO,SEBA,AHSEC,OTHERS,EXCELLENT,VG,OTHERS,OTHERS
GOOD,FEMALE,GENERAL,NO,ONE,SEBA,AHSEC,ENGLISH,EXCELLENT,EXCELLENT,SCHOOL_TEACHER,SCHOOL_TEACHER
GOOD,FEMALE,OBC,NO,ONE,SEBA,AHSEC,ENGLISH,EXCELLENT,EXCELLENT,OTHERS,HOUSE_WIFE
GOOD,MALE,GENERAL,WA,ONE,SEBA,AHSEC,ENGLISH,EXCELLENT,EXCELLENT,SCHOOL_TEACHER,SCHOOL_TEACHER
GOOD,MALE,OBC,OA,TWO,SEBA,AHSEC,ENGLISH,EXCELLENT,EXCELLENT,DOCTOR,HOUSE_WIFE
GOOD,MALE,OBC,NO,THREE,SEBA,AHSEC,ENGLISH,EXCELLENT,VG,OTHERS,HOUSE_WIFE
GOOD,FEMALE,GENERAL,WA,THREE,SEBA,AHSEC,ASSAMESE,EXCELLENT,VG,DOCTOR,OTHERS
GOOD,FEMALE,GENERAL,WA,ONE,SEBA,CBSE,ENGLISH,EXCELLENT,EXCELLENT,BUSINESS,HOUSE_WIFE
GOOD,MALE,GENERAL,NO,ONE,SEBA,AHSEC,OTHERS,EXCELLENT,EXCELLENT,CULTIVATOR,HOUSE_WIFE
GOOD,FEMALE,GENERAL,WA,TWO,CBSE,CBSE,ENGLISH,EXCELLENT,EXCELLENT,DOCTOR,OTHERS
GOOD,MALE,GENERAL,WA,ONE,SEBA,AHSEC,ENGLISH,EXCELLENT,EXCELLENT,OTHERS,HOUSE_WIFE
GOOD,FEMALE,GENERAL,NO,TWO,CBSE,CBSE,ENGLISH,EXCELLENT,VG,OTHERS,HOUSE_WIFE
GOOD,MALE,GENERAL,WA,ONE,SEBA,AHSEC,ENGLISH,EXCELLENT,EXCELLENT,OTHERS,HOUSE_WIFE
GOOD,FEMALE,SC,NO,THREE,SEBA,AHSEC,ENGLISH,EXCELLENT,EXCELLENT,BUSINESS,HOUSE_WIFE
GOOD,FEMALE,GENERAL,WA,TWO,SEBA,AHSEC,ENGLISH,EXCELLENT,EXCELLENT,OTHERS,OTHERS
GOOD,FEMALE,GENERAL,WA,ONE,CBSE,CBSE,ENGLISH,EXCELLENT,GOOD,BUSINESS,HOUSE_WIFE
GOOD,MALE,GENERAL,WA,TWO,SEBA,AHSEC,ENGLISH,VG,VG,SCHOOL_TEACHER,SCHOOL_TEACHER
GOOD,MALE,GENERAL,NO,ONE,SEBA,AHSEC,OTHERS,EXCELLENT,EXCELLENT,SCHOOL_TEACHER,HOUSE_WIFE
GOOD,MALE,OBC,WA,TWO,CBSE,CBSE,ENGLISH,EXCELLENT,EXCELLENT,OTHERS,HOUSE_WIFE
GOOD,MALE,GENERAL,WA,TWO,SEBA,AHSEC,ENGLISH,EXCELLENT,VG,OTHERS,HOUSE_WIFE
GOOD,MALE,GENERAL,NO,TWO,SEBA,AHSEC,OTHERS,GOOD,GOOD,SCHOOL_TEACHER,HOUSE_WIFE
GOOD,FEMALE,OBC,WA,ONE,SEBA,AHSEC,ASSAMESE,EXCELLENT,EXCELLENT,OTHERS,SCHOOL_TEACHER
GOOD,MALE,SC,NO,ONE,CBSE,CBSE,ENGLISH,EXCELLENT,EXCELLENT,BUSINESS,HOUSE_WIFE
GOOD,MALE,GENERAL,WA,TWO,SEBA,AHSEC,ENGLISH,VG,VG,BUSINESS,HOUSE_WIFE
GOOD,MALE,OBC,WA,TWO,CBSE,CBSE,ENGLISH,VG,GOOD,BUSINESS,HOUSE_WIFE
GOOD,MALE,GENERAL,NO,TWO,SEBA,AHSEC,ENGLISH,VG,VG,OTHERS,HOUSE_WIFE
GOOD,MALE,GENERAL,WA,TWO,CBSE,CBSE,ENGLISH,EXCELLENT,EXCELLENT,SCHOOL_TEACHER,SCHOOL_TEACHER
GOOD,MALE,GENERAL,WA,TWO,SEBA,AHSEC,OTHERS,VG,VG,SCHOOL_TEACHER,HOUSE_WIFE
GOOD,FEMALE,ST,WA,ONE,SEBA,AHSEC,OTHERS,EXCELLENT,EXCELLENT,SCHOOL_TEACHER,SCHOOL_TEACHER
GOOD,FEMALE,GENERAL,NO,ONE,SEBA,AHSEC,ENGLISH,EXCELLENT,EXCELLENT,OTHERS,SCHOOL_TEACHER
GOOD,FEMALE,OBC,NO,ONE,SEBA,AHSEC,ENGLISH,EXCELLENT,EXCELLENT,OTHERS,OTHERS
GOOD,MALE,SC,NO,THREE,CBSE,CBSE,ENGLISH,EXCELLENT,VG,OTHERS,HOUSE_WIFE
GOOD,MALE,OBC,WA,TWO,SEBA,AHSEC,ASSAMESE,EXCELLENT,VG,OTHERS,HOUSE_WIFE
GOOD,FEMALE,OBC,WA,TWO,SEBA,AHSEC,ENGLISH,EXCELLENT,VG,OTHERS,HOUSE_WIFE
GOOD,MALE,GENERAL,OA,TWO,CBSE,CBSE,ENGLISH,EXCELLENT,EXCELLENT,OTHERS,SCHOOL_TEACHER
GOOD,MALE,GENERAL,NO,TWO,CBSE,CBSE,ENGLISH,EXCELLENT,EXCELLENT,OTHERS,HOUSE_WIFE
GOOD,MALE,GENERAL,WA,TWO,CBSE,CBSE,ENGLISH,EXCELLENT,VG,BUSINESS,HOUSE_WIFE
GOOD,MALE,SC,WA,TWO,CBSE,CBSE,ENGLISH,EXCELLENT,EXCELLENT,CULTIVATOR,HOUSE_WIFE
GOOD,MALE,GENERAL,OA,ONE,CBSE,CBSE,ENGLISH,EXCELLENT,EXCELLENT,DOCTOR,SCHOOL_TEACHER
GOOD,MALE,GENERAL,NO,ONE,CBSE,CBSE,ENGLISH,EXCELLENT,EXCELLENT,DOCTOR,HOUSE_WIFE
GOOD,MALE,GENERAL,NO,TWO,SEBA,AHSEC,OTHERS,VG,VG,BUSINESS,HOUSE_WIFE
GOOD,MALE,GENERAL,WA,FOUR,SEBA,AHSEC,OTHERS,VG,GOOD,SCHOOL_TEACHER,HOUSE_WIFE
GOOD,FEMALE,SC,WA,TWO,SEBA,AHSEC,ENGLISH,EXCELLENT,EXCELLENT,OTHERS,HOUSE_WIFE
GOOD,MALE,OBC,WA,TWO,CBSE,CBSE,ENGLISH,EXCELLENT,EXCELLENT,OTHERS,HOUSE_WIFE
GOOD,FEMALE,GENERAL,WA,ONE,SEBA,CBSE,ENGLISH,EXCELLENT,EXCELLENT,BUSINESS,HOUSE_WIFE
GOOD,FEMALE,GENERAL,WA,TWO,CBSE,CBSE,ENGLISH,EXCELLENT,VG,OTHERS,OTHERS
GOOD,FEMALE,GENERAL,WA,TWO,SEBA,CBSE,ENGLISH,EXCELLENT,EXCELLENT,OTHERS,HOUSE_WIFE
GOOD,FEMALE,OBC,WA,TWO,SEBA,AHSEC,ENGLISH,EXCELLENT,EXCELLENT,OTHERS,OTHERS
GOOD,MALE,GENERAL,WA,TWO,CBSE,CBSE,ENGLISH,EXCELLENT,EXCELLENT,BUSINESS,OTHERS
GOOD,FEMALE,GENERAL,NO,ONE,SEBA,CBSE,ENGLISH,EXCELLENT,EXCELLENT,SCHOOL_TEACHER,SCHOOL_TEACHER
GOOD,FEMALE,OBC,WA,TWO,SEBA,AHSEC,ENGLISH,EXCELLENT,VG,OTHERS,HOUSE_WIFE
GOOD,MALE,GENERAL,NO,ONE,CBSE,AHSEC,ENGLISH,EXCELLENT,VG,BUSINESS,HOUSE_WIFE
GOOD,MALE,GENERAL,NO,ONE,SEBA,CBSE,ENGLISH,EXCELLENT,EXCELLENT,BUSINESS,HOUSE_WIFE
GOOD,FEMALE,SC,WA,ONE,OTHERS,CBSE,ENGLISH,EXCELLENT,EXCELLENT,DOCTOR,HOUSE_WIFE
GOOD,FEMALE,OBC,WA,ONE,SEBA,AHSEC,ENGLISH,EXCELLENT,EXCELLENT,DOCTOR,HOUSE_WIFE
GOOD,FEMALE,GENERAL,NO,TWO,SEBA,CBSE,ENGLISH,EXCELLENT,VG,BUSINESS,HOUSE_WIFE
GOOD,FEMALE,OBC,WA,TWO,SEBA,AHSEC,ENGLISH,EXCELLENT,EXCELLENT,DOCTOR,SCHOOL_TEACHER
GOOD,MALE,GENERAL,WA,THREE,CBSE,CBSE,ENGLISH,VG,GOOD,OTHERS,HOUSE_WIFE
GOOD,FEMALE,GENERAL,NO,ONE,SEBA,AHSEC,ENGLISH,EXCELLENT,EXCELLENT,OTHERS,SCHOOL_TEACHER
GOOD,MALE,GENERAL,WA,THREE,SEBA,AHSEC,OTHERS,VG,VG,CULTIVATOR,HOUSE_WIFE
GOOD,MALE,OBC,WA,TWO,SEBA,AHSEC,ASSAMESE,EXCELLENT,EXCELLENT,SCHOOL_TEACHER,SCHOOL_TEACHER
GOOD,FEMALE,GENERAL,WA,ONE,OTHERS,CBSE,ENGLISH,EXCELLENT,EXCELLENT,BUSINESS,HOUSE_WIFE
GOOD,MALE,GENERAL,WA,THREE,SEBA,AHSEC,OTHERS,VG,VG,SCHOOL_TEACHER,HOUSE_WIFE
GOOD,FEMALE,GENERAL,NO,THREE,CBSE,CBSE,ENGLISH,EXCELLENT,GOOD,BUSINESS,OTHERS
GOOD,FEMALE,GENERAL,WA,TWO,CBSE,CBSE,ENGLISH,EXCELLENT,EXCELLENT,BUSINESS,SCHOOL_TEACHER
GOOD,MALE,GENERAL,OA,TWO,CBSE,CBSE,ENGLISH,EXCELLENT,VG,SCHOOL_TEACHER,HOUSE_WIFE
GOOD,FEMALE,ST,NO,ONE,SEBA,AHSEC,OTHERS,EXCELLENT,EXCELLENT,OTHERS,HOUSE_WIFE
GOOD,FEMALE,OBC,OA,ONE,OTHERS,CBSE,ENGLISH,EXCELLENT,EXCELLENT,BUSINESS,HOUSE_WIFE
GOOD,FEMALE,GENERAL,WA,TWO,CBSE,CBSE,ENGLISH,EXCELLENT,EXCELLENT,OTHERS,OTHERS
GOOD,MALE,GENERAL,WA,TWO,SEBA,AHSEC,ASSAMESE,EXCELLENT,EXCELLENT,DOCTOR,SCHOOL_TEACHER
GOOD,FEMALE,GENERAL,WA,TWO,CBSE,CBSE,ENGLISH,EXCELLENT,EXCELLENT,OTHERS,HOUSE_WIFE
GOOD,FEMALE,SC,NO,ONE,SEBA,AHSEC,ENGLISH,EXCELLENT,EXCELLENT,SCHOOL_TEACHER,SCHOOL_TEACHER
GOOD,FEMALE,GENERAL,WA,ONE,SEBA,AHSEC,OTHERS,EXCELLENT,EXCELLENT,OTHERS,HOUSE_WIFE
GOOD,MALE,GENERAL,WA,THREE,SEBA,AHSEC,ENGLISH,EXCELLENT,VG,SCHOOL_TEACHER,HOUSE_WIFE
GOOD,MALE,OBC,NO,TWO,SEBA,AHSEC,ENGLISH,GOOD,VG,OTHERS,OTHERS
GOOD,MALE,GENERAL,WA,TWO,SEBA,AHSEC,OTHERS,VG,EXCELLENT,SCHOOL_TEACHER,HOUSE_WIFE
GOOD,MALE,GENERAL,WA,THREE,CBSE,CBSE,ENGLISH,GOOD,GOOD,SCHOOL_TEACHER,HOUSE_WIFE
GOOD,MALE,SC,WA,TWO,SEBA,AHSEC,ASSAMESE,EXCELLENT,VG,SCHOOL_TEACHER,HOUSE_WIFE
GOOD,MALE,GENERAL,WA,TWO,SEBA,AHSEC,OTHERS,GOOD,VG,SCHOOL_TEACHER,OTHERS
GOOD,MALE,GENERAL,NO,ONE,SEBA,AHSEC,ENGLISH,EXCELLENT,EXCELLENT,SCHOOL_TEACHER,HOUSE_WIFE
GOOD,FEMALE,GENERAL,WA,ONE,SEBA,AHSEC,ENGLISH,EXCELLENT,EXCELLENT,BUSINESS,HOUSE_WIFE
GOOD,MALE,GENERAL,OA,TWO,CBSE,CBSE,ENGLISH,EXCELLENT,EXCELLENT,CULTIVATOR,HOUSE_WIFE
GOOD,MALE,GENERAL,OA,ONE,CBSE,CBSE,ENGLISH,EXCELLENT,EXCELLENT,OTHERS,HOUSE_WIFE
GOOD,MALE,GENERAL,WA,TWO,SEBA,AHSEC,OTHERS,VG,EXCELLENT,OTHERS,SCHOOL_TEACHER
GOOD,MALE,GENERAL,WA,TWO,CBSE,AHSEC,ENGLISH,EXCELLENT,EXCELLENT,SCHOOL_TEACHER,SCHOOL_TEACHER
GOOD,FEMALE,OBC,NO,ONE,CBSE,CBSE,ENGLISH,EXCELLENT,VG,OTHERS,OTHERS
GOOD,FEMALE,OBC,WA,TWO,SEBA,AHSEC,ASSAMESE,EXCELLENT,EXCELLENT,DOCTOR,HOUSE_WIFE
GOOD,MALE,GENERAL,NO,ONE,CBSE,CBSE,ENGLISH,EXCELLENT,EXCELLENT,OTHERS,OTHERS
GOOD,MALE,SC,WA,ONE,SEBA,AHSEC,OTHERS,EXCELLENT,EXCELLENT,OTHERS,HOUSE_WIFE
GOOD,MALE,GENERAL,WA,TWO,SEBA,AHSEC,OTHERS,VG,VG,OTHERS,HOUSE_WIFE
GOOD,MALE,GENERAL,WA,ONE,CBSE,CBSE,ENGLISH,EXCELLENT,EXCELLENT,OTHERS,HOUSE_WIFE
GOOD,MALE,OBC,WA,ONE,SEBA,AHSEC,ENGLISH,EXCELLENT,EXCELLENT,OTHERS,HOUSE_WIFE
GOOD,FEMALE,GENERAL,WA,TWO,CBSE,CBSE,ENGLISH,EXCELLENT,EXCELLENT,OTHERS,HOUSE_WIFE
GOOD,MALE,OBC,NO,TWO,SEBA,AHSEC,OTHERS,AVERAGE,GOOD,OTHERS,HOUSE_WIFE
GOOD,MALE,GENERAL,WA,ONE,SEBA,CBSE,ENGLISH,EXCELLENT,EXCELLENT,OTHERS,HOUSE_WIFE
GOOD,FEMALE,OBC,WA,TWO,SEBA,AHSEC,ENGLISH,VG,VG,DOCTOR,HOUSE_WIFE
GOOD,MALE,GENERAL,NO,ONE,CBSE,CBSE,ENGLISH,EXCELLENT,EXCELLENT,OTHERS,HOUSE_WIFE
GOOD,MALE,OBC,WA,THREE,SEBA,AHSEC,ASSAMESE,GOOD,AVERAGE,OTHERS,HOUSE_WIFE
GOOD,MALE,OBC,WA,THREE,CBSE,CBSE,ENGLISH,EXCELLENT,VG,OTHERS,SCHOOL_TEACHER
GOOD,MALE,OBC,WA,TWO,CBSE,CBSE,ENGLISH,EXCELLENT,EXCELLENT,BUSINESS,HOUSE_WIFE
GOOD,MALE,OBC,NO,THREE,CBSE,AHSEC,ASSAMESE,VG,GOOD,SCHOOL_TEACHER,HOUSE_WIFE
GOOD,FEMALE,OBC,WA,TWO,SEBA,CBSE,ENGLISH,EXCELLENT,VG,OTHERS,OTHERS
GOOD,MALE,OBC,NO,ONE,SEBA,CBSE,ENGLISH,EXCELLENT,EXCELLENT,BUSINESS,HOUSE_WIFE
GOOD,FEMALE,OBC,WA,FOUR,SEBA,AHSEC,ASSAMESE,EXCELLENT,VG,BUSINESS,OTHERS
GOOD,FEMALE,OBC,WA,FOUR,SEBA,AHSEC,ENGLISH,VG,VG,BUSINESS,HOUSE_WIFE
GOOD,FEMALE,OBC,WA,THREE,SEBA,AHSEC,ENGLISH,EXCELLENT,VG,OTHERS,HOUSE_WIFE
GOOD,FEMALE,OBC,WA,TWO,SEBA,AHSEC,ASSAMESE,EXCELLENT,EXCELLENT,CULTIVATOR,SCHOOL_TEACHER
GOOD,FEMALE,OBC,WA,THREE,SEBA,AHSEC,ASSAMESE,EXCELLENT,VG,OTHERS,SCHOOL_TEACHER
GOOD,MALE,OBC,WA,ONE,SEBA,AHSEC,ENGLISH,EXCELLENT,GOOD,SCHOOL_TEACHER,SCHOOL_TEACHER
GOOD,MALE,OBC,NO,ONE,SEBA,AHSEC,ENGLISH,EXCELLENT,EXCELLENT,DOCTOR,OTHERS
GOOD,MALE,OBC,WA,THREE,CBSE,CBSE,ENGLISH,GOOD,EXCELLENT,OTHERS,HOUSE_WIFE
GOOD,FEMALE,OBC,WA,ONE,SEBA,AHSEC,ENGLISH,EXCELLENT,EXCELLENT,OTHERS,SCHOOL_TEACHER
GOOD,FEMALE,OBC,NO,ONE,SEBA,AHSEC,ENGLISH,EXCELLENT,EXCELLENT,SCHOOL_TEACHER,HOUSE_WIFE
GOOD,FEMALE,OBC,OA,TWO,SEBA,AHSEC,ENGLISH,EXCELLENT,EXCELLENT,OTHERS,HOUSE_WIFE
GOOD,FEMALE,OBC,WA,TWO,SEBA,AHSEC,ENGLISH,EXCELLENT,EXCELLENT,DOCTOR,HOUSE_WIFE
GOOD,FEMALE,OBC,WA,TWO,CBSE,CBSE,ENGLISH,EXCELLENT,EXCELLENT,DOCTOR,HOUSE_WIFE
GOOD,FEMALE,OBC,WA,ONE,SEBA,AHSEC,ENGLISH,VG,EXCELLENT,BUSINESS,HOUSE_WIFE
GOOD,MALE,OBC,WA,THREE,CBSE,CBSE,ENGLISH,EXCELLENT,VG,BUSINESS,HOUSE_WIFE
AVERAGE,FEMALE,OBC,WA,TWO,SEBA,AHSEC,ASSAMESE,EXCELLENT,EXCELLENT,SCHOOL_TEACHER,HOUSE_WIFE
AVERAGE,MALE,OBC,WA,TWO,SEBA,AHSEC,ENGLISH,EXCELLENT,EXCELLENT,BUSINESS,HOUSE_WIFE
AVERAGE,FEMALE,OBC,WA,ONE,SEBA,CBSE,ENGLISH,EXCELLENT,EXCELLENT,OTHERS,HOUSE_WIFE
AVERAGE,MALE,OBC,WA,TWO,SEBA,AHSEC,ENGLISH,VG,GOOD,OTHERS,HOUSE_WIFE
AVERAGE,FEMALE,OBC,WA,TWO,SEBA,AHSEC,ASSAMESE,EXCELLENT,EXCELLENT,DOCTOR,HOUSE_WIFE
AVERAGE,MALE,OBC,WA,ONE,SEBA,CBSE,ENGLISH,EXCELLENT,EXCELLENT,OTHERS,SCHOOL_TEACHER
AVERAGE,FEMALE,OBC,WA,THREE,SEBA,AHSEC,ASSAMESE,EXCELLENT,VG,SCHOOL_TEACHER,HOUSE_WIFE
AVERAGE,MALE,OBC,WA,TWO,CBSE,CBSE,ENGLISH,EXCELLENT,EXCELLENT,OTHERS,HOUSE_WIFE
AVERAGE,FEMALE,OBC,NO,ONE,SEBA,AHSEC,ENGLISH,EXCELLENT,EXCELLENT,BUSINESS,HOUSE_WIFE
AVERAGE,MALE,OBC,WA,THREE,SEBA,AHSEC,ASSAMESE,VG,GOOD,BUSINESS,HOUSE_WIFE
AVERAGE,MALE,OBC,OA,TWO,CBSE,CBSE,ENGLISH,EXCELLENT,EXCELLENT,DOCTOR,OTHERS
AVERAGE,FEMALE,OBC,WA,TWO,SEBA,AHSEC,ASSAMESE,EXCELLENT,EXCELLENT,OTHERS,HOUSE_WIFE
AVERAGE,MALE,OBC,WA,TWO,SEBA,AHSEC,ENGLISH,VG,VG,OTHERS,OTHERS
AVERAGE,FEMALE,OBC,WA,TWO,SEBA,AHSEC,ENGLISH,EXCELLENT,EXCELLENT,OTHERS,HOUSE_WIFE
AVERAGE,FEMALE,OBC,NO,TWO,SEBA,AHSEC,ASSAMESE,VG,GOOD,OTHERS,HOUSE_WIFE
AVERAGE,MALE,OBC,NO,TWO,CBSE,CBSE,ENGLISH,EXCELLENT,EXCELLENT,SCHOOL_TEACHER,HOUSE_WIFE
AVERAGE,FEMALE,OBC,WA,ONE,CBSE,AHSEC,ENGLISH,EXCELLENT,EXCELLENT,OTHERS,HOUSE_WIFE
AVERAGE,MALE,OBC,WA,TWO,SEBA,AHSEC,ENGLISH,EXCELLENT,VG,BUSINESS,HOUSE_WIFE
AVERAGE,MALE,OBC,NO,TWO,SEBA,AHSEC,ENGLISH,VG,VG,OTHERS,HOUSE_WIFE
AVERAGE,MALE,OBC,WA,ONE,SEBA,CBSE,ENGLISH,VG,VG,BUSINESS,HOUSE_WIFE
AVERAGE,MALE,OBC,WA,THREE,CBSE,CBSE,ENGLISH,EXCELLENT,GOOD,OTHERS,OTHERS
AVERAGE,MALE,OBC,NO,FOUR,SEBA,AHSEC,OTHERS,VG,AVERAGE,SCHOOL_TEACHER,HOUSE_WIFE
AVERAGE,MALE,OBC,WA,TWO,SEBA,AHSEC,ASSAMESE,EXCELLENT,VG,OTHERS,HOUSE_WIFE
AVERAGE,MALE,OBC,NO,TWO,SEBA,AHSEC,ASSAMESE,EXCELLENT,EXCELLENT,BUSINESS,SCHOOL_TEACHER
GOOD,FEMALE,SC,WA,THREE,CBSE,CBSE,ENGLISH,EXCELLENT,EXCELLENT,OTHERS,HOUSE_WIFE
GOOD,MALE,SC,WA,THREE,SEBA,AHSEC,ENGLISH,VG,GOOD,SCHOOL_TEACHER,HOUSE_WIFE
GOOD,FEMALE,SC,WA,TWO,SEBA,AHSEC,ENGLISH,EXCELLENT,VG,BUSINESS,HOUSE_WIFE
GOOD,FEMALE,SC,NO,TWO,SEBA,AHSEC,OTHERS,EXCELLENT,EXCELLENT,ENGINEER,HOUSE_WIFE
GOOD,FEMALE,SC,OA,TWO,SEBA,AHSEC,ENGLISH,EXCELLENT,VG,OTHERS,HOUSE_WIFE
GOOD,FEMALE,SC,WA,THREE,SEBA,AHSEC,ENGLISH,VG,VG,OTHERS,HOUSE_WIFE
GOOD,MALE,SC,WA,TWO,CBSE,CBSE,ENGLISH,EXCELLENT,EXCELLENT,CULTIVATOR,HOUSE_WIFE
AVERAGE,FEMALE,SC,NO,TWO,CBSE,CBSE,ENGLISH,EXCELLENT,EXCELLENT,ENGINEER,HOUSE_WIFE
AVERAGE,FEMALE,SC,WA,TWO,CBSE,CBSE,ENGLISH,EXCELLENT,EXCELLENT,OTHERS,HOUSE_WIFE
AVERAGE,FEMALE,SC,WA,THREE,SEBA,AHSEC,ENGLISH,EXCELLENT,EXCELLENT,BUSINESS,HOUSE_WIFE
AVERAGE,MISSING,SC,WA,ONE,SEBA,AHSEC,ASSAMESE,GOOD,GOOD,OTHERS,HOUSE_WIFE
AVERAGE,FEMALE,SC,WA,TWO,SEBA,AHSEC,ENGLISH,EXCELLENT,EXCELLENT,OTHERS,HOUSE_WIFE
AVERAGE,FEMALE,SC,WA,THREE,SEBA,AHSEC,ASSAMESE,GOOD,GOOD,SCHOOL_TEACHER,HOUSE_WIFE
AVERAGE,FEMALE,SC,WA,ONE,SEBA,CBSE,ENGLISH,EXCELLENT,EXCELLENT,BUSINESS,HOUSE_WIFE
AVERAGE,FEMALE,SC,WA,THREE,CBSE,CBSE,ENGLISH,VG,VG,BANK_OFFICIAL,OTHERS
AVERAGE,FEMALE,SC,NO,ONE,SEBA,AHSEC,ASSAMESE,EXCELLENT,EXCELLENT,OTHERS,HOUSE_WIFE
AVERAGE,FEMALE,SC,WA,TWO,SEBA,AHSEC,ASSAMESE,AVERAGE,GOOD,BUSINESS,HOUSE_WIFE
AVERAGE,MALE,SC,NO,ONE,SEBA,CBSE,ENGLISH,EXCELLENT,EXCELLENT,OTHERS,HOUSE_WIFE
AVERAGE,FEMALE,SC,NO,TWO,CBSE,CBSE,ENGLISH,EXCELLENT,EXCELLENT,OTHERS,OTHERS
AVERAGE,FEMALE,SC,WA,TWO,SEBA,AHSEC,ENGLISH,EXCELLENT,VG,BUSINESS,HOUSE_WIFE
AVERAGE,MALE,SC,WA,TWO,CBSE,CBSE,ENGLISH,EXCELLENT,EXCELLENT,OTHERS,HOUSE_WIFE
AVERAGE,MALE,SC,WA,TWO,SEBA,AHSEC,ASSAMESE,VG,VG,CULTIVATOR,HOUSE_WIFE
AVERAGE,MALE,SC,WA,TWO,CBSE,CBSE,ENGLISH,EXCELLENT,EXCELLENT,SCHOOL_TEACHER,OTHERS
AVERAGE,MALE,SC,WA,TWO,SEBA,AHSEC,ENGLISH,EXCELLENT,EXCELLENT,BUSINESS,SCHOOL_TEACHER
AVERAGE,FEMALE,SC,WA,TWO,SEBA,AHSEC,ENGLISH,EXCELLENT,VG,OTHERS,HOUSE_WIFE
AVERAGE,MALE,SC,NO,ONE,SEBA,CBSE,ENGLISH,EXCELLENT,EXCELLENT,BUSINESS,HOUSE_WIFE
AVERAGE,FEMALE,SC,WA,TWO,SEBA,AHSEC,OTHERS,EXCELLENT,VG,SCHOOL_TEACHER,HOUSE_WIFE
AVERAGE,MALE,SC,NO,ONE,SEBA,AHSEC,ENGLISH,EXCELLENT,EXCELLENT,OTHERS,OTHERS
AVERAGE,MALE,SC,NO,TWO,SEBA,AHSEC,ENGLISH,VG,VG,OTHERS,HOUSE_WIFE
AVERAGE,FEMALE,SC,NO,TWO,SEBA,CBSE,ENGLISH,VG,VG,DOCTOR,SCHOOL_TEACHER
AVERAGE,FEMALE,SC,WA,THREE,SEBA,AHSEC,OTHERS,GOOD,GOOD,SCHOOL_TEACHER,OTHERS
AVERAGE,FEMALE,SC,WA,TWO,SEBA,CBSE,ENGLISH,VG,EXCELLENT,OTHERS,HOUSE_WIFE
AVERAGE,FEMALE,SC,WA,TWO,SEBA,AHSEC,ENGLISH,EXCELLENT,VG,OTHERS,OTHERS
AVERAGE,MALE,SC,WA,TWO,SEBA,AHSEC,ENGLISH,EXCELLENT,VG,OTHERS,SCHOOL_TEACHER
AVERAGE,MALE,SC,WA,TWO,SEBA,AHSEC,ASSAMESE,EXCELLENT,VG,SCHOOL_TEACHER,HOUSE_WIFE
AVERAGE,FEMALE,SC,WA,ONE,CBSE,CBSE,ENGLISH,EXCELLENT,EXCELLENT,ENGINEER,HOUSE_WIFE
AVERAGE,MALE,SC,NO,ONE,SEBA,AHSEC,ENGLISH,EXCELLENT,EXCELLENT,BUSINESS,HOUSE_WIFE
AVERAGE,MALE,GENERAL,WA,TWO,SEBA,AHSEC,ASSAMESE,EXCELLENT,EXCELLENT,ENGINEER,HOUSE_WIFE
GOOD,MALE,ST,WA,TWO,SEBA,AHSEC,ASSAMESE,EXCELLENT,EXCELLENT,SCHOOL_TEACHER,SCHOOL_TEACHER
GOOD,FEMALE,ST,WA,TWO,CBSE,CBSE,ENGLISH,EXCELLENT,VG,BUSINESS,HOUSE_WIFE
GOOD,FEMALE,ST,WA,TWO,SEBA,AHSEC,ENGLISH,VG,VG,BANK_OFFICIAL,HOUSE_WIFE
AVERAGE,MISSING,ST,WA,TWO,SEBA,CBSE,ENGLISH,VG,VG,BUSINESS,HOUSE_WIFE
AVERAGE,MALE,ST,OA,TWO,CBSE,CBSE,ENGLISH,EXCELLENT,EXCELLENT,OTHERS,SCHOOL_TEACHER
AVERAGE,MALE,ST,NO,ONE,CBSE,CBSE,ENGLISH,EXCELLENT,EXCELLENT,SCHOOL_TEACHER,SCHOOL_TEACHER
AVERAGE,MALE,ST,NO,THREE,SEBA,AHSEC,ENGLISH,VG,VG,SCHOOL_TEACHER,SCHOOL_TEACHER
AVERAGE,MALE,ST,WA,TWO,CBSE,CBSE,ENGLISH,EXCELLENT,VG,OTHERS,HOUSE_WIFE
AVERAGE,FEMALE,ST,WA,ONE,CBSE,CBSE,ENGLISH,EXCELLENT,VG,OTHERS,SCHOOL_TEACHER
AVERAGE,FEMALE,ST,WA,TWO,SEBA,CBSE,ENGLISH,EXCELLENT,EXCELLENT,DOCTOR,COLLEGE_TEACHER
AVERAGE,FEMALE,ST,WA,ONE,SEBA,AHSEC,ENGLISH,EXCELLENT,EXCELLENT,OTHERS,HOUSE_WIFE
AVERAGE,FEMALE,ST,WA,TWO,CBSE,CBSE,ENGLISH,EXCELLENT,EXCELLENT,OTHERS,HOUSE_WIFE
AVERAGE,MALE,ST,WA,ONE,SEBA,AHSEC,ENGLISH,GOOD,GOOD,ENGINEER,SCHOOL_TEACHER
AVERAGE,MALE,ST,WA,ONE,SEBA,CBSE,ENGLISH,EXCELLENT,EXCELLENT,OTHERS,HOUSE_WIFE
AVERAGE,FEMALE,ST,WA,TWO,SEBA,AHSEC,ENGLISH,EXCELLENT,VG,SCHOOL_TEACHER,HOUSE_WIFE
AVERAGE,MALE,ST,NO,ONE,CBSE,CBSE,ENGLISH,EXCELLENT,EXCELLENT,CULTIVATOR,HOUSE_WIFE
AVERAGE,FEMALE,ST,WA,TWO,SEBA,AHSEC,ENGLISH,VG,VG,BANK_OFFICIAL,HOUSE_WIFE
AVERAGE,MALE,ST,WA,TWO,CBSE,CBSE,ENGLISH,EXCELLENT,VG,CULTIVATOR,HOUSE_WIFE
AVERAGE,FEMALE,ST,WA,THREE,CBSE,CBSE,ENGLISH,EXCELLENT,GOOD,ENGINEER,BUSINESS
AVERAGE,MALE,ST,WA,TWO,SEBA,AHSEC,ENGLISH,EXCELLENT,EXCELLENT,OTHERS,HOUSE_WIFE
AVERAGE,MISSING,ST,OA,TWO,CBSE,CBSE,ENGLISH,EXCELLENT,VG,BUSINESS,SCHOOL_TEACHER
AVERAGE,FEMALE,ST,WA,TWO,SEBA,AHSEC,ENGLISH,VG,VG,DOCTOR,HOUSE_WIFE
AVERAGE,FEMALE,ST,WA,TWO,CBSE,CBSE,ENGLISH,VG,VG,OTHERS,HOUSE_WIFE
AVERAGE,FEMALE,ST,WA,TWO,SEBA,AHSEC,ENGLISH,EXCELLENT,EXCELLENT,SCHOOL_TEACHER,HOUSE_WIFE
AVERAGE,MALE,ST,WA,TWO,CBSE,CBSE,ENGLISH,EXCELLENT,GOOD,OTHERS,HOUSE_WIFE
AVERAGE,FEMALE,ST,WA,TWO,OTHERS,OTHERS,ENGLISH,EXCELLENT,EXCELLENT,DOCTOR,COLLEGE_TEACHER
AVERAGE,FEMALE,ST,WA,TWO,SEBA,AHSEC,ASSAMESE,EXCELLENT,VG,OTHERS,OTHERS
AVERAGE,MALE,ST,OA,ONE,CBSE,CBSE,ENGLISH,EXCELLENT,EXCELLENT,OTHERS,HOUSE_WIFE
AVERAGE,FEMALE,ST,NO,TWO,CBSE,CBSE,ENGLISH,EXCELLENT,EXCELLENT,BANK_OFFICIAL,HOUSE_WIFE
AVERAGE,MALE,ST,WA,TWO,SEBA,AHSEC,ASSAMESE,EXCELLENT,VG,BANK_OFFICIAL,HOUSE_WIFE
AVERAGE,FEMALE,ST,WA,ONE,SEBA,AHSEC,OTHERS,AVERAGE,VG,OTHERS,HOUSE_WIFE
AVERAGE,MALE,ST,NO,ONE,SEBA,AHSEC,ENGLISH,EXCELLENT,EXCELLENT,OTHERS,OTHERS
AVERAGE,FEMALE,ST,WA,TWO,CBSE,CBSE,ENGLISH,EXCELLENT,GOOD,ENGINEER,HOUSE_WIFE
AVERAGE,MALE,ST,WA,TWO,CBSE,CBSE,ENGLISH,EXCELLENT,EXCELLENT,CULTIVATOR,HOUSE_WIFE
AVERAGE,MALE,ST,WA,TWO,SEBA,AHSEC,ASSAMESE,EXCELLENT,EXCELLENT,CULTIVATOR,HOUSE_WIFE
AVERAGE,FEMALE,ST,WA,THREE,SEBA,AHSEC,ENGLISH,VG,AVERAGE,OTHERS,HOUSE_WIFE
AVERAGE,MALE,ST,NO,TWO,CBSE,CBSE,ENGLISH,VG,GOOD,CULTIVATOR,HOUSE_WIFE
AVERAGE,MALE,ST,WA,ONE,SEBA,AHSEC,ENGLISH,AVERAGE,GOOD,OTHERS,HOUSE_WIFE
AVERAGE,FEMALE,ST,OA,TWO,CBSE,CBSE,ENGLISH,EXCELLENT,VG,OTHERS,HOUSE_WIFE
AVERAGE,FEMALE,ST,WA,THREE,CBSE,CBSE,ENGLISH,EXCELLENT,VG,BANK_OFFICIAL,HOUSE_WIFE
AVERAGE,FEMALE,ST,WA,TWO,SEBA,AHSEC,ASSAMESE,EXCELLENT,EXCELLENT,SCHOOL_TEACHER,SCHOOL_TEACHER
AVERAGE,MALE,ST,OA,THREE,CBSE,CBSE,ENGLISH,VG,EXCELLENT,OTHERS,HOUSE_WIFE
AVERAGE,FEMALE,ST,WA,TWO,SEBA,AHSEC,ENGLISH,EXCELLENT,VG,OTHERS,HOUSE_WIFE
AVERAGE,FEMALE,ST,WA,TWO,SEBA,AHSEC,ENGLISH,EXCELLENT,VG,COLLEGE_TEACHER,HOUSE_WIFE
AVERAGE,FEMALE,ST,WA,TWO,SEBA,AHSEC,ENGLISH,EXCELLENT,GOOD,SCHOOL_TEACHER,HOUSE_WIFE
AVERAGE,MALE,ST,WA,TWO,CBSE,CBSE,ENGLISH,EXCELLENT,VG,SCHOOL_TEACHER,HOUSE_WIFE
AVERAGE,MALE,ST,NO,ONE,SEBA,AHSEC,ENGLISH,AVERAGE,AVERAGE,OTHERS,HOUSE_WIFE
AVERAGE,MALE,ST,NO,THREE,SEBA,CBSE,ENGLISH,EXCELLENT,GOOD,OTHERS,HOUSE_WIFE
AVERAGE,MALE,ST,NO,ONE,SEBA,AHSEC,ASSAMESE,VG,GOOD,CULTIVATOR,HOUSE_WIFE
AVERAGE,FEMALE,ST,WA,TWO,SEBA,AHSEC,ENGLISH,EXCELLENT,VG,OTHERS,HOUSE_WIFE
AVERAGE,FEMALE,ST,WA,TWO,SEBA,AHSEC,ENGLISH,VG,VG,OTHERS,HOUSE_WIFE
AVERAGE,MALE,ST,NO,ONE,SEBA,AHSEC,ENGLISH,GOOD,VG,OTHERS,HOUSE_WIFE
AVERAGE,MALE,GENERAL,WA,TWO,SEBA,AHSEC,ENGLISH,VG,VG,SCHOOL_TEACHER,HOUSE_WIFE
AVERAGE,MALE,ST,WA,TWO,CBSE,CBSE,ENGLISH,EXCELLENT,VG,OTHERS,HOUSE_WIFE
AVERAGE,MALE,ST,WA,TWO,CBSE,CBSE,ENGLISH,EXCELLENT,VG,OTHERS,HOUSE_WIFE
AVERAGE,MALE,ST,WA,TWO,SEBA,AHSEC,ENGLISH,EXCELLENT,GOOD,OTHERS,HOUSE_WIFE
AVERAGE,MALE,ST,NO,ONE,CBSE,CBSE,ENGLISH,EXCELLENT,EXCELLENT,SCHOOL_TEACHER,HOUSE_WIFE
AVERAGE,FEMALE,ST,WA,ONE,CBSE,CBSE,ENGLISH,EXCELLENT,EXCELLENT,ENGINEER,OTHERS
AVERAGE,MALE,ST,NO,THREE,CBSE,CBSE,ENGLISH,EXCELLENT,EXCELLENT,OTHERS,HOUSE_WIFE
AVERAGE,FEMALE,ST,WA,TWO,SEBA,AHSEC,ENGLISH,EXCELLENT,VG,CULTIVATOR,OTHERS
AVERAGE,FEMALE,ST,WA,TWO,CBSE,CBSE,ENGLISH,EXCELLENT,EXCELLENT,OTHERS,HOUSE_WIFE
AVERAGE,FEMALE,ST,WA,TWO,CBSE,CBSE,ENGLISH,EXCELLENT,VG,ENGINEER,HOUSE_WIFE
AVERAGE,FEMALE,ST,WA,TWO,CBSE,CBSE,ENGLISH,EXCELLENT,GOOD,OTHERS,HOUSE_WIFE
AVERAGE,MALE,ST,WA,TWO,CBSE,CBSE,ENGLISH,VG,VG,OTHERS,HOUSE_WIFE
AVERAGE,MALE,GENERAL,OA,TWO,CBSE,CBSE,ENGLISH,EXCELLENT,VG,CULTIVATOR,HOUSE_WIFE
AVERAGE,FEMALE,ST,WA,ONE,SEBA,AHSEC,ENGLISH,EXCELLENT,EXCELLENT,SCHOOL_TEACHER,SCHOOL_TEACHER
AVERAGE,MALE,ST,NO,TWO,SEBA,AHSEC,ENGLISH,AVERAGE,GOOD,BUSINESS,HOUSE_WIFE
AVERAGE,MALE,ST,NO,ONE,SEBA,AHSEC,ASSAMESE,AVERAGE,AVERAGE,CULTIVATOR,HOUSE_WIFE
AVERAGE,MALE,ST,NO,ONE,SEBA,AHSEC,ENGLISH,EXCELLENT,EXCELLENT,DOCTOR,HOUSE_WIFE
AVERAGE,MALE,ST,OA,ONE,CBSE,CBSE,ENGLISH,VG,EXCELLENT,SCHOOL_TEACHER,OTHERS
AVERAGE,MALE,ST,WA,ONE,CBSE,CBSE,ENGLISH,EXCELLENT,VG,ENGINEER,HOUSE_WIFE
AVERAGE,MALE,ST,WA,TWO,SEBA,AHSEC,ENGLISH,GOOD,GOOD,OTHERS,HOUSE_WIFE
AVERAGE,MALE,ST,WA,ONE,SEBA,AHSEC,ENGLISH,EXCELLENT,EXCELLENT,OTHERS,OTHERS
AVERAGE,FEMALE,ST,NO,ONE,CBSE,CBSE,ENGLISH,EXCELLENT,EXCELLENT,OTHERS,DOCTOR
AVERAGE,FEMALE,ST,WA,TWO,SEBA,AHSEC,ENGLISH,EXCELLENT,VG,OTHERS,SCHOOL_TEACHER
AVERAGE,MALE,ST,WA,TWO,CBSE,AHSEC,ENGLISH,GOOD,GOOD,OTHERS,SCHOOL_TEACHER
AVERAGE,FEMALE,ST,WA,ONE,SEBA,AHSEC,ENGLISH,VG,GOOD,ENGINEER,HOUSE_WIFE
AVERAGE,MALE,ST,WA,TWO,SEBA,AHSEC,ENGLISH,VG,VG,OTHERS,HOUSE_WIFE
AVERAGE,MALE,ST,NO,THREE,SEBA,AHSEC,ENGLISH,GOOD,AVERAGE,CULTIVATOR,HOUSE_WIFE
AVERAGE,FEMALE,ST,WA,TWO,OTHERS,OTHERS,ENGLISH,VG,VG,SCHOOL_TEACHER,HOUSE_WIFE
AVERAGE,FEMALE,ST,WA,ONE,SEBA,AHSEC,ENGLISH,VG,VG,OTHERS,SCHOOL_TEACHER
AVERAGE,MALE,ST,WA,THREE,CBSE,CBSE,ENGLISH,VG,VG,BANK_OFFICIAL,HOUSE_WIFE
AVERAGE,FEMALE,ST,WA,ONE,SEBA,AHSEC,ENGLISH,VG,VG,BUSINESS,DOCTOR
AVERAGE,FEMALE,ST,WA,FOUR,SEBA,AHSEC,ASSAMESE,VG,GOOD,CULTIVATOR,HOUSE_WIFE
AVERAGE,MALE,ST,NO,ONE,SEBA,AHSEC,ENGLISH,AVERAGE,GOOD,BUSINESS,OTHERS
AVERAGE,MALE,ST,WA,TWO,SEBA,AHSEC,ENGLISH,GOOD,GOOD,OTHERS,SCHOOL_TEACHER
AVERAGE,MALE,ST,WA,TWO,SEBA,AHSEC,ENGLISH,VG,GOOD,OTHERS,HOUSE_WIFE
AVERAGE,FEMALE,ST,WA,THREE,SEBA,AHSEC,ENGLISH,GOOD,GOOD,SCHOOL_TEACHER,HOUSE_WIFE
AVERAGE,MALE,ST,WA,THREE,SEBA,AHSEC,ENGLISH,GOOD,GOOD,SCHOOL_TEACHER,HOUSE_WIFE
AVERAGE,FEMALE,ST,OA,THREE,OTHERS,OTHERS,ENGLISH,GOOD,GOOD,CULTIVATOR,HOUSE_WIFE
AVERAGE,FEMALE,ST,WA,TWO,SEBA,AHSEC,ENGLISH,GOOD,GOOD,OTHERS,HOUSE_WIFE
AVERAGE,FEMALE,ST,NO,THREE,SEBA,AHSEC,ENGLISH,AVERAGE,AVERAGE,SCHOOL_TEACHER,HOUSE_WIFE
AVERAGE,MALE,ST,WA,ONE,CBSE,CBSE,ENGLISH,EXCELLENT,EXCELLENT,OTHERS,SCHOOL_TEACHER
AVERAGE,FEMALE,ST,WA,TWO,SEBA,AHSEC,ENGLISH,VG,VG,OTHERS,OTHERS
AVERAGE,MALE,ST,NO,ONE,SEBA,AHSEC,ENGLISH,VG,VG,CULTIVATOR,HOUSE_WIFE
AVERAGE,FEMALE,ST,WA,TWO,CBSE,AHSEC,ENGLISH,EXCELLENT,GOOD,BUSINESS,HOUSE_WIFE
AVERAGE,FEMALE,ST,WA,TWO,SEBA,AHSEC,ENGLISH,EXCELLENT,VG,OTHERS,OTHERS
AVERAGE,FEMALE,ST,WA,TWO,SEBA,CBSE,ENGLISH,GOOD,VG,DOCTOR,SCHOOL_TEACHER
AVERAGE,FEMALE,ST,WA,ONE,SEBA,AHSEC,ENGLISH,GOOD,VG,OTHERS,HOUSE_WIFE
AVERAGE,MALE,ST,WA,THREE,SEBA,AHSEC,ENGLISH,VG,GOOD,CULTIVATOR,HOUSE_WIFE
AVERAGE,MALE,ST,WA,TWO,SEBA,CBSE,ENGLISH,GOOD,VG,OTHERS,SCHOOL_TEACHER
AVERAGE,MALE,ST,WA,THREE,SEBA,AHSEC,ENGLISH,GOOD,GOOD,SCHOOL_TEACHER,HOUSE_WIFE
AVERAGE,FEMALE,ST,NO,ONE,SEBA,CBSE,ENGLISH,VG,GOOD,BUSINESS,OTHERS
GOOD,MALE,OBC,NO,ONE,SEBA,AHSEC,ENGLISH,EXCELLENT,EXCELLENT,DOCTOR,OTHERS
VG,MALE,GENERAL,WA,TWO,CBSE,CBSE,ENGLISH,EXCELLENT,VG,BANK_OFFICIAL,HOUSE_WIFE
GOOD,MALE,GENERAL,WA,TWO,CBSE,CBSE,ENGLISH,EXCELLENT,EXCELLENT,BUSINESS,OTHERS
EXCELLENT,FEMALE,GENERAL,WA,TWO,SEBA,AHSEC,ASSAMESE,EXCELLENT,EXCELLENT,BUSINESS,HOUSE_WIFE
GOOD,MALE,OBC,OA,TWO,CBSE,CBSE,ENGLISH,EXCELLENT,EXCELLENT,BUSINESS,OTHERS
GOOD,MALE,GENERAL,NO,ONE,SEBA,AHSEC,OTHERS,EXCELLENT,EXCELLENT,SCHOOL_TEACHER,HOUSE_WIFE
VG,MALE,GENERAL,WA,TWO,CBSE,CBSE,ENGLISH,EXCELLENT,VG,BUSINESS,HOUSE_WIFE
EXCELLENT,MALE,GENERAL,NO,TWO,CBSE,CBSE,ENGLISH,EXCELLENT,GOOD,BANK_OFFICIAL,HOUSE_WIFE
AVERAGE,MALE,OBC,WA,TWO,CBSE,CBSE,ENGLISH,EXCELLENT,EXCELLENT,OTHERS,HOUSE_WIFE
AVERAGE,FEMALE,ST,WA,TWO,SEBA,CBSE,ENGLISH,VG,VG,BUSINESS,HOUSE_WIFE
AVERAGE,MALE,ST,WA,TWO,SEBA,AHSEC,ENGLISH,VG,GOOD,OTHERS,HOUSE_WIFE
VG,MALE,SC,WA,TWO,SEBA,AHSEC,ENGLISH,EXCELLENT,EXCELLENT,OTHERS,HOUSE_WIFE
EXCELLENT,MALE,GENERAL,WA,TWO,SEBA,AHSEC,ENGLISH,EXCELLENT,EXCELLENT,ENGINEER,COLLEGE_TEACHER
